system,fault_bus,branch,t_clear,mean_dd,max_dd,mean_w,max_w,spread_dd,ke_clear,unstable
9-bus,1,1-4,0.02,0.005250647096286355,0.008111086203193119,0.5203540055474312,0.8008792327230441,0.002976556838856495,0.013021620064406735,1
9-bus,1,1-4,0.045238095238095244,0.026264499487797976,0.04019398585585404,1.1378078596647871,1.7260178088485274,0.014758362913846674,0.06265941198371656,1
9-bus,1,1-4,0.07047619047619048,0.06233700560936276,0.09447484060102207,1.7141530264267502,2.56095688276692,0.03472230361524131,0.14322882951247848,1
9-bus,1,1-4,0.09571428571428572,0.11246652595422313,0.16875568911401906,2.252236375848261,3.312039067064455,0.062106966593613186,0.24917303487280856,1
9-bus,1,1-4,0.12095238095238096,0.17572347732436155,0.261007137389879,2.7549151667597953,3.9862508860354113,0.09622626464089773,0.3758680716879572,1
9-bus,1,1-4,0.14619047619047618,0.25125013440121574,0.36938235957825893,3.225020371958058,4.591042633330796,0.13646962540053126,0.51947853378924,1
9-bus,1,1-4,0.17142857142857143,0.33825950444099,0.4922264483992633,3.665320340853371,5.134141273554456,0.18229958228231066,0.6768197929783983,1
9-bus,1,1-4,0.19666666666666668,0.43603331390371897,0.62808103453551,4.07848710534527,5.623363935105524,0.2332470838685066,0.8452320728111101,1
9-bus,1,1-4,0.2219047619047619,0.5439191963282193,0.7756842830224522,4.467066970789909,6.124605259541339,0.2889050006246091,1.0224707772695123,1
9-bus,1,1-4,0.24714285714285714,0.6613272021791623,0.9339665345529182,4.83345629469305,6.689654724047242,0.3489204130038689,1.2066159312508535,1
9-bus,1,1-4,0.2723809523809524,0.7877257657326444,1.1020419893182583,5.179882662281138,7.227953323670289,0.4129863052728214,1.396001722049482,1
9-bus,1,1-4,0.29761904761904767,0.9226372619684148,1.2791969146943776,5.508391134305657,7.739070730191525,0.4808332619667878,1.5891652908938647,1
9-bus,1,1-4,0.3228571428571429,1.0656332739788856,1.464874907301017,5.820834944104892,8.222636596997047,0.5522216799966578,1.7848123820799833,1
9-bus,1,1-4,0.3480952380952381,1.216329674547049,1.6606186794182276,6.118869969474659,8.678407553265659,0.6269348857592315,1.9817963850040248,1
9-bus,1,1-4,0.3733333333333334,1.3743816100535342,1.8851035291714273,6.403952452376167,9.10632080528182,0.7047734030095354,2.1791067742379235,1
9-bus,1,1-4,0.39857142857142863,1.539478464694591,2.1200379520468147,6.677339696484689,9.50653269166519,0.7855504728173447,2.3758629573776364,1
9-bus,1,1-4,0.42380952380952386,1.7113388795730928,2.364727320293637,6.940093735128616,9.879441296211438,0.8690887975871164,2.571310011622175,1
9-bus,1,1-4,0.4490476190476191,1.8897059035123978,2.6184901899103323,7.1930881394427,10.225693103813256,0.9552183784035293,2.764813613602004,1
9-bus,1,1-4,0.4742857142857143,2.0743423575262647,2.8806644943938196,7.437018172144769,10.546174650098619,1.0437752455727836,2.9558524945013334,1
9-bus,1,1-4,0.4995238095238096,2.2650264989365536,3.150613357505952,7.672414374643843,10.84199107131942,1.1346008480552403,3.144007817636571,1
9-bus,1,1-4,0.5247619047619048,2.4615480704752835,3.427730227265024,7.899659436489652,11.114434281310903,1.227541866022622,3.3289498172322665,1
9-bus,1,1-4,0.55,2.6637048119883726,3.711443110134196,8.119007900436737,11.364944056647238,1.3224502360847767,3.5104227260705763,1
9-bus,4,4-5,0.02,0.005585922725824588,0.008470486381574494,0.553621771786165,0.836449780042175,0.0031858218157563996,0.014964566809146857,0
9-bus,4,4-5,0.045238095238095244,0.027947905876962054,0.04199162679891355,1.2110272000180415,1.804108675700705,0.015821110087254474,0.07207271111074912,0
9-bus,4,4-5,0.07047619047619048,0.06635218041435935,0.09876627153544859,1.825425963374961,2.6803975917315745,0.037289335374150176,0.16489291151692884,0
9-bus,4,4-5,0.09571428571428572,0.11975300900588919,0.17658162722555537,2.399947952468197,3.472740562512392,0.06682751642894616,0.2870990533718961,0
9-bus,4,4-5,0.12095238095238096,0.18718252618136721,0.27341461358907027,2.937630929085252,4.188727768358366,0.10374923654456378,0.43338484490331863,0
9-bus,4,4-5,0.14619047619047618,0.26774816472096274,0.38743457088965094,3.4414010181810863,4.835998020534612,0.14744088928337748,0.599300976919231,0
9-bus,4,4-5,0.17142857142857143,0.3606296089311954,0.5170030342426206,3.9140549240321767,5.422124425122281,0.19735661689173528,0.7811089967877114,0
9-bus,4,4-5,0.19666666666666668,0.46507533135093365,0.6606706963253645,4.358244824408698,6.040844018387886,0.25301225002715505,0.9756536255366081,0
9-bus,4,4-5,0.2219047619047619,0.5803987878841546,0.8171717533773344,4.776466458512242,6.678394064025818,0.31397860021291435,1.1802544812513434,0
9-bus,4,4-5,0.24714285714285714,0.705974354065963,0.9854158859277589,5.1710505111706375,7.286438982127345,0.37987446829043575,1.3926172060455126,0
9-bus,4,4-5,0.2723809523809524,0.841233083311718,1.1644781608571728,5.544157060889149,7.865107754184951,0.45035971340598346,1.6107630081211735,0
9-bus,4,4-5,0.29761904761904767,0.9856583591582835,1.3603633609656682,5.897772646422838,8.41451086176224,0.5251286823913119,1.8329747690205218,0
9-bus,4,4-5,0.3228571428571429,1.138781501058736,1.579356079988368,6.2337094344066415,8.934790353407195,0.6039042361662436,2.0577572241621676,0
9-bus,4,4-5,0.3480952380952381,1.3001773707227844,1.8111143246997796,6.55360602907917,9.42616284112399,0.6864325364629339,2.283808348642634,1
9-bus,4,4-5,0.3733333333333334,1.4694600162013074,2.0549123900129276,6.858929618939885,9.888954281649712,0.7724786808480569,2.5099989774288938,1
9-bus,4,4-5,0.39857142857142863,1.6462783856774301,2.3100344572277436,7.150979353118893,10.32362565515399,0.8618232035387051,2.735357839210592,1
9-bus,4,4-5,0.42380952380952386,1.8303121426597322,2.575778224566606,7.430891027123811,10.73078898517998,0.9542593990506762,2.9590595470136836,1
9-bus,4,4-5,0.4490476190476191,2.021267617900411,2.8514588180132208,7.699643284729462,11.111213566937582,1.0495913786452347,3.1804136125742204,1
9-bus,4,4-5,0.4742857142857143,2.2188739403336544,3.136412739829984,7.958065590625211,11.465822740045756,1.147632738661287,3.3988531665673904,1
9-bus,4,4-5,0.4995238095238096,2.4228793924516423,3.4300016237101563,8.206848146100917,11.795682145154307,1.248205702113703,3.6139227075752416,1
9-bus,4,4-5,0.5247619047619048,2.633048042057313,3.7316156012485466,8.446553815510725,12.101980799001927,1.351140596296551,3.8252647756117284,1
9-bus,4,4-5,0.55,2.849156698777895,4.040676118425183,8.677631906563883,12.386006806074542,1.4562755385926638,4.032605906840324,1
9-bus,5,5-6,0.02,0.005149156895465394,0.008163908224586569,0.510186946019113,0.8060342164372156,0.0030401972676470674,0.012448132446301587,0
9-bus,5,5-6,0.045238095238095244,0.02573962428806899,0.04044303818567335,1.1142528936242995,1.7360004110828458,0.015062590992016225,0.05969581523442799,0
9-bus,5,5-6,0.07047619047619048,0.06103442344430642,0.09500494379552354,1.6757746441135062,2.5726076982922956,0.03538699825521761,0.13581243722571162,0
9-bus,5,5-6,0.09571428571428572,0.10998641652011504,0.1695552599219522,2.196897313825817,3.320897047400983,0.06315876101678852,0.23488301096972952,0
9-bus,5,5-6,0.12095238095238096,0.1716054198344424,0.2619370455618537,2.6799880513553354,3.9866990590454154,0.09757067283792763,0.351884335495826,0
9-bus,5,5-6,0.14619047619047618,0.24496369290210687,0.37014924283981454,3.127625703660378,4.57651527707117,0.13786849288778033,0.4826440250866577,0
9-bus,5,5-6,0.17142857142857143,0.3292010752517777,0.492361981107612,3.5425833113156746,5.097387096071583,0.18335542738865723,0.6237937099940656,0
9-bus,5,5-6,0.19666666666666668,0.4235295917118489,0.6269284301170415,3.92780346681363,5.5567537769638635,0.23339574620772718,0.7727167878528839,0
9-bus,5,5-6,0.2219047619047619,0.5272373431431473,0.77239295911955,4.286366284899871,5.962302187927829,0.2874176947879557,0.9274906097238342,0
9-bus,5,5-6,0.24714285714285714,0.6396914956698998,0.9274954436303573,4.621450059605643,6.321812700626495,0.34491582926900743,1.0868226115745845,0
9-bus,5,5-6,0.2723809523809524,0.7603401915350162,1.0911716964126201,4.936285334298909,6.718223565749104,0.4054528574372595,1.2499799389194843,0
9-bus,5,5-6,0.29761904761904767,0.8887132321280277,1.2625501628155398,5.234103826149905,7.1661669221384905,0.46866101569230884,1.4167126227469304,0
9-bus,5,5-6,0.3228571428571429,1.0244214277391774,1.440945190384396,5.518084214091346,7.593302876780664,0.5342429602843192,1.5871712204034638,1
9-bus,5,5-6,0.3480952380952381,1.1671545634397618,1.625847332648863,5.791297068025638,8.003039139605722,0.601972106148515,1.7618207713756366,1
9-bus,5,5-6,0.3733333333333334,1.3166779874340715,1.8169112529843536,6.056651089709565,8.399033737790408,0.6716923127643003,1.941353619941625,1
9-bus,5,5-6,0.39857142857142863,1.4728278776725319,2.013941847416076,6.3168423494275885,8.785073531286928,0.7433167943719582,2.1266038584913733,1
9-bus,5,5-6,0.42380952380952386,1.6355052754541193,2.216879189361347,6.574307417679774,9.164934430119775,0.8168261175093722,2.3184656997368602,1
9-bus,5,5-6,0.4490476190476191,1.8046689858096514,2.445357986747723,6.83118033706729,9.542228117138148,0.8922651367439702,2.51781701149846,1
9-bus,5,5-6,0.4742857142857143,1.9803274307058307,2.6909511175458514,7.089252427546467,9.920238413320462,0.9697387013637133,2.7254477044254966,1
9-bus,5,5-6,0.4995238095238096,2.162529505758652,2.9461234647625396,7.349933168312532,10.301748529738743,1.0494059367757693,2.9419909231508004,1
9-bus,5,5-6,0.5247619047619048,2.3513544408692275,3.210991498688016,7.614210041355633,10.688859123938332,1.131472863279814,3.1678534039583237,1
9-bus,5,5-6,0.55,2.5469006139787833,3.4857140913425804,7.882605476711034,11.08279711072017,1.2161830695874984,3.4031403373973976,1
9-bus,3,3-6,0.02,0.005846796683455187,0.01035850520283188,0.5790683645028835,1.0230388481805919,0.003936320652248255,0.015624648109375118,1
9-bus,3,3-6,0.045238095238095244,0.02919982334883971,0.051380258318789396,1.263091030448167,2.209001993986504,0.01949746837299596,0.074440271544591,1
9-bus,3,3-6,0.07047619047619048,0.06918887936434057,0.12095824425787932,1.8979060108708812,3.2876824873626322,0.04582137876907693,0.1682282780375855,1
9-bus,3,3-6,0.09571428571428572,0.12461040085653739,0.21650939549612658,2.486541332987304,4.268796667650068,0.08184741354852286,0.2889141561755032,1
9-bus,3,3-6,0.12095238095238096,0.19433673851806596,0.33568463615736155,3.0319959795236735,5.161184825462784,0.12658617831492114,0.4296267649015204,1
9-bus,3,3-6,0.14619047619047618,0.27731620065764084,0.4763477903423735,3.5372986731692184,5.972890547828051,0.17911303654624208,0.5846462200188426,1
9-bus,3,3-6,0.17142857142857143,0.37257436759434404,0.6365563939718925,4.005549575603915,6.71123232816351,0.238564049632342,0.7493699650709225,1
9-bus,3,3-6,0.19666666666666668,0.47921622655999047,0.8145442243695418,4.439943386198849,7.3828682062275846,0.3041340158792382,0.9202785519664451,1
9-bus,3,3-6,0.2219047619047619,0.5964286447991047,1.0087053808485957,4.843773012511222,7.9938541544775115,0.3750761902255059,1.0948867295601077,1
9-bus,3,3-6,0.24714285714285714,0.7234826954430394,1.217579767345219,5.220414496499287,8.549696896013186,0.4507032092366982,1.2716710497256136,1
9-bus,3,3-6,0.2723809523809524,0.8597353914322946,1.4398398444660985,5.573295774084984,9.055401814404867,0.530388743500894,1.4499718230541627,1
9-bus,3,3-6,0.29761904761904767,1.0046304707489997,1.674278535655028,5.905853553915439,9.515516576105735,0.6135694620024083,1.6298737297620065,1
9-bus,3,3-6,0.3228571428571429,1.1576979987493818,1.9197981861186846,6.22148362293455,9.934171039524967,0.6997470123670876,1.8120743899527592,1
9-bus,3,3-6,0.3480952380952381,1.3185526899268687,2.1754004874710797,6.523489890489657,10.315113952552023,0.7884898783197525,1.9977527199471226,1
9-bus,3,3-6,0.3733333333333334,1.4868909741493346,2.4401772925582494,6.815036415214621,10.661746855659144,0.8794351410741962,2.1884486177055225,1
9-bus,3,3-6,0.39857142857142863,1.6624869162223816,2.713302254189391,7.099104686584481,10.977155514471312,0.9722903143605885,2.3859627665335132,1
9-bus,3,3-6,0.42380952380952386,1.8451871233313721,2.9940232283061223,7.37845585823915,11.264139113891641,1.0668355162705798,2.592280854579518,1
9-bus,3,3-6,0.4490476190476191,2.0349047316142044,3.281655386981012,7.6555947735169,11.525237363686257,1.1629262631729351,2.8095209983227676,1
9-bus,3,3-6,0.4742857142857143,2.231612447747443,3.575574993470698,7.93272974672517,11.76275558689955,1.2604971026397662,3.039896979313575,1
9-bus,3,3-6,0.4995238095238096,2.4353344310806633,3.875213778712029,8.211719404420153,11.97878787581049,1.3595661123058829,3.285682861847219,1
9-bus,3,3-6,0.5247619047619048,2.6461365597698387,4.18005388471561,8.493995657328682,12.17523828698529,1.4602399645726432,3.5491559291006416,1
9-bus,3,3-6,0.55,2.864114323555594,4.4896233148051525,8.780450736293524,12.353840148984915,1.56271871426504,3.8324839552518357,1
9-bus,6,6-7,0.02,0.006192397911312634,0.010362151824564847,0.6134453893333353,1.0233989013249212,0.003983353536248906,0.01794409106812165,0
9-bus,6,6-7,0.045238095238095244,0.03094549963767847,0.051398326299022745,1.3394213646722253,2.2097777012410313,0.01976074417665528,0.08582088383363665,0
9-bus,6,6-7,0.07047619047619048,0.07337637582936309,0.12100069687313808,2.014883992436211,3.28883238512766,0.04651373208440831,0.19475651078146303,0
9-bus,6,6-7,0.09571428571428572,0.13225188302651794,0.21658517231721042,2.643119394171149,4.27028108765178,0.08322039254915063,0.33596755043270143,0
9-bus,6,6-7,0.12095238095238096,0.20642060245868954,0.33580169736722953,3.2273287405559175,5.1629658080702105,0.1289285864196395,0.501958783154888,0
9-bus,6,6-7,0.14619047619047618,0.2948114835996594,0.47651315880423106,3.7706888182560547,5.974931765682407,0.1827500052155105,0.6864497149119388,0
9-bus,6,6-7,0.17142857142857143,0.3964338680519219,0.6367761958720657,4.276400476209115,6.71349905033293,0.2438567860566619,0.8843292351985699,0
9-bus,6,6-7,0.19666666666666668,0.5103785569395862,0.8148237296250551,4.747722409672494,7.385327314497664,0.31148053588897745,1.0916216302652766,0
9-bus,6,6-7,0.2219047619047619,0.6358195173827125,1.0090490445531843,5.187987618805336,7.996474204296961,0.38491349444581147,1.30544876540842,0
9-bus,6,6-7,0.24714285714285714,0.77201576497608,1.2179912729514917,5.600600699475599,8.552448198563786,0.46351145694878015,1.5239763805760531,0
9-bus,6,6-7,0.2723809523809524,0.9183129303316568,1.4403221490968234,5.9890155940818275,9.058256502338331,0.5466979975461783,1.746337173252937,0
9-bus,6,6-7,0.29761904761904767,1.0741440292853512,1.6748339162815875,6.3566950721040065,9.518448612500682,0.6339695015319261,1.972528908591007,1
9-bus,6,6-7,0.3228571428571429,1.2390290057922078,1.9204282848489478,6.7070544826580445,9.937156130226356,0.7249005316594368,2.2032908647001643,1
9-bus,6,6-7,0.3480952380952381,1.4125726884865835,2.1761063531438345,7.043392775165073,10.318129333902036,0.8191491053223826,2.439965042809134,1
9-bus,6,6-7,0.3733333333333334,1.5944608723378295,2.440959415297085,7.368813200059638,10.66477094875436,0.9164615110651209,2.6843486522985573,1
9-bus,6,6-7,0.39857142857142863,1.7844542798228726,2.714160588933272,7.6861345725824295,10.980167464813233,1.0166762984998532,2.93854096578195,1
9-bus,6,6-7,0.42380952380952386,1.9823801543898265,2.994957208201562,7.997791925244312,11.267118249153503,1.1197269874928701,3.2047809636430378,1
9-bus,6,6-7,0.4490476190476191,2.1881211808537837,3.2826639208868613,8.305723569182064,11.528162664832431,1.2256428108649011,3.485263143389817,1
9-bus,6,6-7,0.4742857142857143,2.401601347271356,3.5766564492786292,8.611241048396037,11.765605281365957,1.3345464220347611,3.7819090228560297,1
9-bus,6,6-7,0.4995238095238096,2.6227682900622624,3.8763659630054126,8.914880735268051,12.309580925853652,1.4466469636134254,4.096064136142918,1
9-bus,6,6-7,0.5247619047619048,2.8515717106033964,4.181274023213687,9.216242602294058,12.937973843676007,1.562226315707231,4.428089909777243,1
9-bus,6,6-7,0.55,3.0879377352495267,4.490908043548224,9.51383479509344,13.590843703115901,1.6816159167267264,4.776835478188437,1
9-bus,7,7-8,0.02,0.005893014150752773,0.008661994033964893,0.5839617594452253,0.8551586442428109,0.0036105126829247083,0.017576980732709087,0
9-bus,7,7-8,0.045238095238095244,0.029464567027381122,0.04289918699055262,1.2756604618657017,1.8407815657912119,0.017973876307049844,0.08447774808688448,0
9-bus,7,7-8,0.07047619047619048,0.0698703425308803,0.10072326248113533,1.9182610988991131,2.7473697884303716,0.042420198731863534,0.19242810096478455,0
9-bus,7,7-8,0.09571428571428572,0.12589302861532925,0.1797062607171307,2.5135605275700623,3.6401756362061946,0.07604175063336228,0.33289310589936755,0
9-bus,7,7-8,0.12095238095238096,0.1963659469231486,0.28234037163229997,3.0637824127741253,4.485191935495615,0.11795762378209197,0.498443633821374,0
9-bus,7,7-8,0.14619047619047618,0.2801843694773708,0.40570801707242565,3.5716176389845846,5.283442272631485,0.16732508021399342,0.6828331028179888,0
9-bus,7,7-8,0.17142857142857143,0.37631761196510966,0.5486498723429492,4.0402440373831645,6.036725804548027,0.223351902712831,0.8810549892917657,0
9-bus,7,7-8,0.19666666666666668,0.48382127377998757,0.7100628528997872,4.473316950761782,6.747713251759086,0.2853094684855127,1.0893686276809311,0
9-bus,7,7-8,0.2219047619047619,0.6018487999868244,0.8889229076013514,4.8749241874344165,7.420001687705951,0.3525460124645702,1.305281957725986,1
9-bus,7,7-8,0.24714285714285714,0.7296614316539719,1.084308494639946,5.249503496174087,8.058111268881621,0.4244993454240348,1.5274839948688435,1
9-bus,7,7-8,0.2723809523809524,0.8666356324269056,1.2954230999523892,5.601726115922929,8.667410928758871,0.5007081854542363,1.755726129712715,1
9-bus,7,7-8,0.29761904761904767,1.0122672300588251,1.5216149048730576,5.9363545443007775,9.253966202854153,0.5808212528627772,1.9906581018149996,1
9-bus,7,7-8,0.3228571428571429,1.1661717543726422,1.7623916219278926,6.258085210461125,9.82430897179437,0.6646033435493219,2.2336295648362685,1
9-bus,7,7-8,0.3480952380952381,1.3280807280709894,2.0174285833493393,6.571386753161363,10.385134199048949,0.7519376930151224,2.4864699657461493,1
9-bus,7,7-8,0.3733333333333334,1.4978339133707987,2.2865683365683367,6.880342398959857,10.942931568689108,0.8428240296574724,2.75125738111297,1
9-bus,7,7-8,0.39857142857142863,1.6753676891382625,2.569810210264431,7.188501480160832,11.503560434775927,0.9373717594313045,3.0300815379365518,1
9-bus,7,7-8,0.42380952380952386,1.8606998160558963,2.8672885238879546,7.498741735605904,12.07177636463282,1.0357877184468436,3.3247991118878897,1
9-bus,7,7-8,0.4490476190476191,2.05391086027606,3.1792383437752925,7.813142139281294,12.650719992992816,1.1383579046094068,3.636773110377499,1
9-bus,7,7-8,0.4742857142857143,2.2551225440905136,3.505948056557954,8.132866878272933,13.241388121257232,1.2454226308146692,3.9665861407612546,1
9-bus,7,7-8,0.4995238095238096,2.4644733548116786,3.8476987619692773,8.45806565927832,13.842127225991433,1.3573447587405998,4.313723867677942,1
9-bus,7,7-8,0.5247619047619048,2.6820919763527304,4.204691896858038,8.787803783769563,14.448222980541045,1.4744712538715519,4.676244338165102,1
9-bus,7,7-8,0.55,2.90806957162401,4.576968895974413,9.120046078610747,15.051703102443318,1.5970894170414678,5.050483662325025,1
9-bus,8,8-2,0.02,0.006057315044924322,0.009476607213528943,0.6004687826530853,0.9421116087271048,0.003787492120302339,0.020324197725130458,1
9-bus,8,8-2,0.045238095238095244,0.030315609181764142,0.047775734292895056,1.3137185985110216,2.0844241892280255,0.018954977517878883,0.09825942978868119,1
9-bus,8,8-2,0.07047619047619048,0.0719634119394945,0.11427134843391851,1.9787878971101474,3.176921753121896,0.04499838079553294,0.22537041742673158,1
9-bus,8,8-2,0.09571428571428572,0.12980743263953143,0.20773393853030986,2.597527000861105,4.221785435212926,0.08118440325516552,0.39294452422744663,1
9-bus,8,8-2,0.12095238095238096,0.20270506024138846,0.3269878536852031,3.1721031831716187,5.221103031073547,0.12682365546226027,0.5934459181509822,1
9-bus,8,8-2,0.14619047619047618,0.2895724158179864,0.4709090033309087,3.705002450375345,6.176873341673338,0.1812769460385753,0.8204749477391882,1
9-bus,8,8-2,0.17142857142857143,0.38939224827558433,0.6384226607879084,4.199014647140829,7.091010018541166,0.2439598968027785,1.068704826284973,1
9-bus,8,8-2,0.19666666666666668,0.5012212036889218,0.8285013571747777,4.6571982620273475,7.965344873044717,0.3143455125191874,1.333794390544707,1
9-bus,8,8-2,0.2219047619047619,0.6241959353938341,1.0401628518375323,5.082823887119333,8.801630630105867,0.3919644275555011,1.612278636053805,1
9-bus,8,8-2,0.24714285714285714,0.757537542949032,1.272468165372566,5.4792991245679445,9.601543142261633,0.4764027403579762,1.901442277502182,1
9-bus,8,8-2,0.2723809523809524,0.900553945988757,1.5245196623934254,5.850081347831632,10.366683134344608,0.5672975985648989,2.1991846383202587,1
9-bus,8,8-2,0.29761904761904767,1.0526399933437183,1.7954591738257093,6.198586998263632,11.098577617563523,0.66433095383484,2.503885709560791,1
9-bus,8,8-2,0.3228571428571429,1.2132753356327348,2.084466152819621,6.52810650847973,11.798681184854463,0.7672221035048231,2.81428277814663,1
9-bus,8,8-2,0.3480952380952381,1.3820203052732236,2.3907558647531744,6.841732557552884,12.46837746197547,0.8757197330282133,3.129364849025218,1
9-bus,8,8-2,0.3733333333333334,1.5585102109028164,2.7135776189886283,7.142306801171341,13.108981025022068,0.98959415583223,3.448288947333455,1
9-bus,8,8-2,0.39857142857142863,1.7424485459239563,3.0522130582020965,7.43238717000646,13.721740085644853,1.1086303341305581,3.770319157710294,1
9-bus,8,8-2,0.42380952380952386,1.9335996263742388,3.4059745277276487,7.714235032612791,14.30784017846265,1.2326220915823267,4.094786649823212,1
9-bus,8,8-2,0.4490476190476191,2.1317811269144586,3.7742035519064068,7.989819352183045,14.868408953579278,1.3613677393689425,4.421067266330167,1
9-bus,8,8-2,0.4742857142857143,2.336856893434566,4.156269444323728,8.260833609130875,15.404521988824973,1.494667165862438,4.748572505187228,1
9-bus,8,8-2,0.4995238095238096,2.5487302915401884,4.551568075498183,8.528720669741311,15.917209307694547,1.6323203089745426,5.076749686049312,1
9-bus,8,8-2,0.5247619047619048,2.7673382328956824,4.959520807318499,8.794700657245802,16.407462068881962,1.7741268451765055,5.4050874179542765,1
9-bus,8,8-2,0.55,2.9926458927741937,5.379573591860535,9.059797168806801,16.87623870550435,1.9198868899072614,5.733122960247059,1
9-bus,8,8-9,0.02,0.006057315044924322,0.009476607213528943,0.6004687826530853,0.9421116087271048,0.003787492120302339,0.020324197725130458,0
9-bus,8,8-9,0.045238095238095244,0.030315609181764142,0.047775734292895056,1.3137185985110216,2.0844241892280255,0.018954977517878883,0.09825942978868119,0
9-bus,8,8-9,0.07047619047619048,0.0719634119394945,0.11427134843391851,1.9787878971101474,3.176921753121896,0.04499838079553294,0.22537041742673158,0
9-bus,8,8-9,0.09571428571428572,0.12980743263953143,0.20773393853030986,2.597527000861105,4.221785435212926,0.08118440325516552,0.39294452422744663,0
9-bus,8,8-9,0.12095238095238096,0.20270506024138846,0.3269878536852031,3.1721031831716187,5.221103031073547,0.12682365546226027,0.5934459181509822,0
9-bus,8,8-9,0.14619047619047618,0.2895724158179864,0.4709090033309087,3.705002450375345,6.176873341673338,0.1812769460385753,0.8204749477391882,0
9-bus,8,8-9,0.17142857142857143,0.38939224827558433,0.6384226607879084,4.199014647140829,7.091010018541166,0.2439598968027785,1.068704826284973,0
9-bus,8,8-9,0.19666666666666668,0.5012212036889218,0.8285013571747777,4.6571982620273475,7.965344873044717,0.3143455125191874,1.333794390544707,1
9-bus,8,8-9,0.2219047619047619,0.6241959353938341,1.0401628518375323,5.082823887119333,8.801630630105867,0.3919644275555011,1.612278636053805,1
9-bus,8,8-9,0.24714285714285714,0.757537542949032,1.272468165372566,5.4792991245679445,9.601543142261633,0.4764027403579762,1.901442277502182,1
9-bus,8,8-9,0.2723809523809524,0.900553945988757,1.5245196623934254,5.850081347831632,10.366683134344608,0.5672975985648989,2.1991846383202587,1
9-bus,8,8-9,0.29761904761904767,1.0526399933437183,1.7954591738257093,6.198586998263632,11.098577617563523,0.66433095383484,2.503885709560791,1
9-bus,8,8-9,0.3228571428571429,1.2132753356327348,2.084466152819621,6.52810650847973,11.798681184854463,0.7672221035048231,2.81428277814663,1
9-bus,8,8-9,0.3480952380952381,1.3820203052732236,2.3907558647531744,6.841732557552884,12.46837746197547,0.8757197330282133,3.129364849025218,1
9-bus,8,8-9,0.3733333333333334,1.5585102109028164,2.7135776189886283,7.142306801171341,13.108981025022068,0.98959415583223,3.448288947333455,1
9-bus,8,8-9,0.39857142857142863,1.7424485459239563,3.0522130582020965,7.43238717000646,13.721740085644853,1.1086303341305581,3.770319157710294,1
9-bus,8,8-9,0.42380952380952386,1.9335996263742388,3.4059745277276487,7.714235032612791,14.30784017846265,1.2326220915823267,4.094786649823212,1
9-bus,8,8-9,0.4490476190476191,2.1317811269144586,3.7742035519064068,7.989819352183045,14.868408953579278,1.3613677393689425,4.421067266330167,1
9-bus,8,8-9,0.4742857142857143,2.336856893434566,4.156269444323728,8.260833609130875,15.404521988824973,1.494667165862438,4.748572505187228,1
9-bus,8,8-9,0.4995238095238096,2.5487302915401884,4.551568075498183,8.528720669741311,15.917209307694547,1.6323203089745426,5.076749686049312,1
9-bus,8,8-9,0.5247619047619048,2.7673382328956824,4.959520807318499,8.794700657245802,16.407462068881962,1.7741268451765055,5.4050874179542765,1
9-bus,8,8-9,0.55,2.9926458927741937,5.379573591860535,9.059797168806801,16.87623870550435,1.9198868899072614,5.733122960247059,1
9-bus,9,9-4,0.02,0.005332343472445239,0.00780487964736859,0.5284734277720887,0.7705305989792577,0.0030456092321504325,0.013997274753843209,0
9-bus,9,9-4,0.045238095238095244,0.026671771688532814,0.03865333118089914,1.1552286955069115,1.6585819658751662,0.01513654422642302,0.06738879234666663,0
9-bus,9,9-4,0.07047619047619048,0.06328061087495407,0.09075707097647806,1.7388123264469504,2.455539982667368,0.035674955019824914,0.15391487809684187,0
9-bus,9,9-4,0.09571428571428572,0.11409404906641872,0.16187000534397306,2.281236489470897,3.1796453108096636,0.06388415404978723,0.26722383512504344,0
9-bus,9,9-4,0.12095238095238096,0.17810179711652008,0.24987259663186967,2.7848070144414208,3.9268154242239723,0.09903150940485704,0.40186054130953985,0
9-bus,9,9-4,0.14619047619047618,0.25435527293479426,0.3545117799416374,3.2521043802794907,4.636917697477087,0.14043448981402998,0.5532214525580381,0
9-bus,9,9-4,0.17142857142857143,0.34197422511032377,0.4801136262569572,3.6859580945646635,5.310363686828491,0.18746489814613146,0.7174995115336059,0
9-bus,9,9-4,0.19666666666666668,0.44015260925946437,0.6222543916739962,4.089412772121163,5.94764172750696,0.23955143866254416,0.8916220837594662,0
9-bus,9,9-4,0.2219047619047619,0.5481634882451164,0.7800291051550572,4.465684585755835,6.549408260089816,0.296180819884836,1.07318450758002,0
9-bus,9,9-4,0.24714285714285714,0.6653627093188282,0.9525523571902452,4.818107998891517,7.1165693695154495,0.3568976510135045,1.260381287550107,0
9-bus,9,9-4,0.2723809523809524,0.7911911276235676,1.1389654538103202,5.150074197708226,7.650344902616938,0.4213034356339285,1.4519364200721832,0
9-bus,9,9-4,0.29761904761904767,0.9251751989345388,1.3384448950081376,5.464963978111157,8.152308262473806,0.48905498787763535,1.6470337977827851,0
9-bus,9,9-4,0.3228571428571429,1.0669258463366196,1.5502114925810135,5.76607872634584,8.624396574722956,0.5598625790435684,1.8452481265172826,0
9-bus,9,9-4,0.3480952380952381,1.2161356024748333,1.7735393359936056,6.056573438779587,9.068888184428722,0.6334880621239327,2.0464763966144743,0
9-bus,9,9-4,0.3733333333333334,1.3725741263625164,2.007763771155255,6.339395455759868,9.488347099991305,0.7097431248000071,2.250869775405791,1
9-bus,9,9-4,0.39857142857142863,1.5360822776962284,2.252287581968152,6.61723181139114,9.885536742336717,0.7884877051830107,2.4587658663374903,1
9-bus,9,9-4,0.42380952380952386,1.7065649908150544,2.506584656617161,6.892466939991492,10.26330787905801,0.8696284904079691,2.6706215539751685,1
9-bus,9,9-4,0.4490476190476191,1.8839832168471944,2.7702005710028743,7.167151063721451,10.624467679264187,0.953117326035372,2.8869469832292505,1
9-bus,9,9-4,0.4742857142857143,2.0683451923160763,3.0427497158105874,7.442978055163411,10.971638264212283,1.0389493070089253,3.1082414306438078,1
9-bus,9,9-4,0.4995238095238096,2.2596972406218727,3.3239088183500236,7.721270076153279,11.307114007003488,1.1271603003919752,3.3349317882208176,1
9-bus,9,9-4,0.5247619047619048,2.4581142311501423,3.6134069471425416,8.002964975891699,11.632727125046177,1.2178236627929784,3.567313988757037,1
9-bus,9,9-4,0.55,2.663689702579639,3.911012331287612,8.2886014379382,11.949731233643718,1.3110459419159333,3.8054970189156743,1
9-bus,4,1-4,0.02,0.005585922725824588,0.008470486381574494,0.553621771786165,0.836449780042175,0.0031858218157563996,0.014964566809146857,1
9-bus,4,1-4,0.045238095238095244,0.027947905876962054,0.04199162679891355,1.2110272000180415,1.804108675700705,0.015821110087254474,0.07207271111074912,1
9-bus,4,1-4,0.07047619047619048,0.06635218041435935,0.09876627153544859,1.825425963374961,2.6803975917315745,0.037289335374150176,0.16489291151692884,1
9-bus,4,1-4,0.09571428571428572,0.11975300900588919,0.17658162722555537,2.399947952468197,3.472740562512392,0.06682751642894616,0.2870990533718961,1
9-bus,4,1-4,0.12095238095238096,0.18718252618136721,0.27341461358907027,2.937630929085252,4.188727768358366,0.10374923654456378,0.43338484490331863,1
9-bus,4,1-4,0.14619047619047618,0.26774816472096274,0.38743457088965094,3.4414010181810863,4.835998020534612,0.14744088928337748,0.599300976919231,1
9-bus,4,1-4,0.17142857142857143,0.3606296089311954,0.5170030342426206,3.9140549240321767,5.422124425122281,0.19735661689173528,0.7811089967877114,1
9-bus,4,1-4,0.19666666666666668,0.46507533135093365,0.6606706963253645,4.358244824408698,6.040844018387886,0.25301225002715505,0.9756536255366081,1
9-bus,4,1-4,0.2219047619047619,0.5803987878841546,0.8171717533773344,4.776466458512242,6.678394064025818,0.31397860021291435,1.1802544812513434,1
9-bus,4,1-4,0.24714285714285714,0.705974354065963,0.9854158859277589,5.1710505111706375,7.286438982127345,0.37987446829043575,1.3926172060455126,1
9-bus,4,1-4,0.2723809523809524,0.841233083311718,1.1644781608571728,5.544157060889149,7.865107754184951,0.45035971340598346,1.6107630081211735,1
9-bus,4,1-4,0.29761904761904767,0.9856583591582835,1.3603633609656682,5.897772646422838,8.41451086176224,0.5251286823913119,1.8329747690205218,1
9-bus,4,1-4,0.3228571428571429,1.138781501058736,1.579356079988368,6.2337094344066415,8.934790353407195,0.6039042361662436,2.0577572241621676,1
9-bus,4,1-4,0.3480952380952381,1.3001773707227844,1.8111143246997796,6.55360602907917,9.42616284112399,0.6864325364629339,2.283808348642634,1
9-bus,4,1-4,0.3733333333333334,1.4694600162013074,2.0549123900129276,6.858929618939885,9.888954281649712,0.7724786808480569,2.5099989774288938,1
9-bus,4,1-4,0.39857142857142863,1.6462783856774301,2.3100344572277436,7.150979353118893,10.32362565515399,0.8618232035387051,2.735357839210592,1
9-bus,4,1-4,0.42380952380952386,1.8303121426597322,2.575778224566606,7.430891027123811,10.73078898517998,0.9542593990506762,2.9590595470136836,1
9-bus,4,1-4,0.4490476190476191,2.021267617900411,2.8514588180132208,7.699643284729462,11.111213566937582,1.0495913786452347,3.1804136125742204,1
9-bus,4,1-4,0.4742857142857143,2.2188739403336544,3.136412739829984,7.958065590625211,11.465822740045756,1.147632738661287,3.3988531665673904,1
9-bus,4,1-4,0.4995238095238096,2.4228793924516423,3.4300016237101563,8.206848146100917,11.795682145154307,1.248205702113703,3.6139227075752416,1
9-bus,4,1-4,0.5247619047619048,2.633048042057313,3.7316156012485466,8.446553815510725,12.101980799001927,1.351140596296551,3.8252647756117284,1
9-bus,4,1-4,0.55,2.849156698777895,4.040676118425183,8.677631906563883,12.386006806074542,1.4562755385926638,4.032605906840324,1
9-bus,5,4-5,0.02,0.005149156895465394,0.008163908224586569,0.510186946019113,0.8060342164372156,0.0030401972676470674,0.012448132446301587,0
9-bus,5,4-5,0.045238095238095244,0.02573962428806899,0.04044303818567335,1.1142528936242995,1.7360004110828458,0.015062590992016225,0.05969581523442799,0
9-bus,5,4-5,0.07047619047619048,0.06103442344430642,0.09500494379552354,1.6757746441135062,2.5726076982922956,0.03538699825521761,0.13581243722571162,0
9-bus,5,4-5,0.09571428571428572,0.10998641652011504,0.1695552599219522,2.196897313825817,3.320897047400983,0.06315876101678852,0.23488301096972952,0
9-bus,5,4-5,0.12095238095238096,0.1716054198344424,0.2619370455618537,2.6799880513553354,3.9866990590454154,0.09757067283792763,0.351884335495826,0
9-bus,5,4-5,0.14619047619047618,0.24496369290210687,0.37014924283981454,3.127625703660378,4.57651527707117,0.13786849288778033,0.4826440250866577,0
9-bus,5,4-5,0.17142857142857143,0.3292010752517777,0.492361981107612,3.5425833113156746,5.097387096071583,0.18335542738865723,0.6237937099940656,0
9-bus,5,4-5,0.19666666666666668,0.4235295917118489,0.6269284301170415,3.92780346681363,5.5567537769638635,0.23339574620772718,0.7727167878528839,0
9-bus,5,4-5,0.2219047619047619,0.5272373431431473,0.77239295911955,4.286366284899871,5.962302187927829,0.2874176947879557,0.9274906097238342,0
9-bus,5,4-5,0.24714285714285714,0.6396914956698998,0.9274954436303573,4.621450059605643,6.321812700626495,0.34491582926900743,1.0868226115745845,0
9-bus,5,4-5,0.2723809523809524,0.7603401915350162,1.0911716964126201,4.936285334298909,6.718223565749104,0.4054528574372595,1.2499799389194843,0
9-bus,5,4-5,0.29761904761904767,0.8887132321280277,1.2625501628155398,5.234103826149905,7.1661669221384905,0.46866101569230884,1.4167126227469304,0
9-bus,5,4-5,0.3228571428571429,1.0244214277391774,1.440945190384396,5.518084214091346,7.593302876780664,0.5342429602843192,1.5871712204034638,0
9-bus,5,4-5,0.3480952380952381,1.1671545634397618,1.625847332648863,5.791297068025638,8.003039139605722,0.601972106148515,1.7618207713756366,0
9-bus,5,4-5,0.3733333333333334,1.3166779874340715,1.8169112529843536,6.056651089709565,8.399033737790408,0.6716923127643003,1.941353619941625,0
9-bus,5,4-5,0.39857142857142863,1.4728278776725319,2.013941847416076,6.3168423494275885,8.785073531286928,0.7433167943719582,2.1266038584913733,1
9-bus,5,4-5,0.42380952380952386,1.6355052754541193,2.216879189361347,6.574307417679774,9.164934430119775,0.8168261175093722,2.3184656997368602,1
9-bus,5,4-5,0.4490476190476191,1.8046689858096514,2.445357986747723,6.83118033706729,9.542228117138148,0.8922651367439702,2.51781701149846,1
9-bus,5,4-5,0.4742857142857143,1.9803274307058307,2.6909511175458514,7.089252427546467,9.920238413320462,0.9697387013637133,2.7254477044254966,1
9-bus,5,4-5,0.4995238095238096,2.162529505758652,2.9461234647625396,7.349933168312532,10.301748529738743,1.0494059367757693,2.9419909231508004,1
9-bus,5,4-5,0.5247619047619048,2.3513544408692275,3.210991498688016,7.614210041355633,10.688859123938332,1.131472863279814,3.1678534039583237,1
9-bus,5,4-5,0.55,2.5469006139787833,3.4857140913425804,7.882605476711034,11.08279711072017,1.2161830695874984,3.4031403373973976,1
9-bus,6,5-6,0.02,0.006192397911312634,0.010362151824564847,0.6134453893333353,1.0233989013249212,0.003983353536248906,0.01794409106812165,0
9-bus,6,5-6,0.045238095238095244,0.03094549963767847,0.051398326299022745,1.3394213646722253,2.2097777012410313,0.01976074417665528,0.08582088383363665,0
9-bus,6,5-6,0.07047619047619048,0.07337637582936309,0.12100069687313808,2.014883992436211,3.28883238512766,0.04651373208440831,0.19475651078146303,0
9-bus,6,5-6,0.09571428571428572,0.13225188302651794,0.21658517231721042,2.643119394171149,4.27028108765178,0.08322039254915063,0.33596755043270143,0
9-bus,6,5-6,0.12095238095238096,0.20642060245868954,0.33580169736722953,3.2273287405559175,5.1629658080702105,0.1289285864196395,0.501958783154888,0
9-bus,6,5-6,0.14619047619047618,0.2948114835996594,0.47651315880423106,3.7706888182560547,5.974931765682407,0.1827500052155105,0.6864497149119388,0
9-bus,6,5-6,0.17142857142857143,0.3964338680519219,0.6367761958720657,4.276400476209115,6.71349905033293,0.2438567860566619,0.8843292351985699,0
9-bus,6,5-6,0.19666666666666668,0.5103785569395862,0.8148237296250551,4.747722409672494,7.385327314497664,0.31148053588897745,1.0916216302652766,0
9-bus,6,5-6,0.2219047619047619,0.6358195173827125,1.0090490445531843,5.187987618805336,7.996474204296961,0.38491349444581147,1.30544876540842,0
9-bus,6,5-6,0.24714285714285714,0.77201576497608,1.2179912729514917,5.600600699475599,8.552448198563786,0.46351145694878015,1.5239763805760531,1
9-bus,6,5-6,0.2723809523809524,0.9183129303316568,1.4403221490968234,5.9890155940818275,9.058256502338331,0.5466979975461783,1.746337173252937,1
9-bus,6,5-6,0.29761904761904767,1.0741440292853512,1.6748339162815875,6.3566950721040065,9.518448612500682,0.6339695015319261,1.972528908591007,1
9-bus,6,5-6,0.3228571428571429,1.2390290057922078,1.9204282848489478,6.7070544826580445,9.937156130226356,0.7249005316594368,2.2032908647001643,1
9-bus,6,5-6,0.3480952380952381,1.4125726884865835,2.1761063531438345,7.043392775165073,10.318129333902036,0.8191491053223826,2.439965042809134,1
9-bus,6,5-6,0.3733333333333334,1.5944608723378295,2.440959415297085,7.368813200059638,10.66477094875436,0.9164615110651209,2.6843486522985573,1
9-bus,6,5-6,0.39857142857142863,1.7844542798228726,2.714160588933272,7.6861345725824295,10.980167464813233,1.0166762984998532,2.93854096578195,1
9-bus,6,5-6,0.42380952380952386,1.9823801543898265,2.994957208201562,7.997791925244312,11.267118249153503,1.1197269874928701,3.2047809636430378,1
9-bus,6,5-6,0.4490476190476191,2.1881211808537837,3.2826639208868613,8.305723569182064,11.528162664832431,1.2256428108649011,3.485263143389817,1
9-bus,6,5-6,0.4742857142857143,2.401601347271356,3.5766564492786292,8.611241048396037,11.765605281365957,1.3345464220347611,3.7819090228560297,1
9-bus,6,5-6,0.4995238095238096,2.6227682900622624,3.8763659630054126,8.914880735268051,12.309580925853652,1.4466469636134254,4.096064136142918,1
9-bus,6,5-6,0.5247619047619048,2.8515717106033964,4.181274023213687,9.216242602294058,12.937973843676007,1.562226315707231,4.428089909777243,1
9-bus,6,5-6,0.55,3.0879377352495267,4.490908043548224,9.51383479509344,13.590843703115901,1.6816159167267264,4.776835478188437,1
9-bus,6,3-6,0.02,0.006192397911312634,0.010362151824564847,0.6134453893333353,1.0233989013249212,0.003983353536248906,0.01794409106812165,1
9-bus,6,3-6,0.045238095238095244,0.03094549963767847,0.051398326299022745,1.3394213646722253,2.2097777012410313,0.01976074417665528,0.08582088383363665,1
9-bus,6,3-6,0.07047619047619048,0.07337637582936309,0.12100069687313808,2.014883992436211,3.28883238512766,0.04651373208440831,0.19475651078146303,1
9-bus,6,3-6,0.09571428571428572,0.13225188302651794,0.21658517231721042,2.643119394171149,4.27028108765178,0.08322039254915063,0.33596755043270143,1
9-bus,6,3-6,0.12095238095238096,0.20642060245868954,0.33580169736722953,3.2273287405559175,5.1629658080702105,0.1289285864196395,0.501958783154888,1
9-bus,6,3-6,0.14619047619047618,0.2948114835996594,0.47651315880423106,3.7706888182560547,5.974931765682407,0.1827500052155105,0.6864497149119388,1
9-bus,6,3-6,0.17142857142857143,0.3964338680519219,0.6367761958720657,4.276400476209115,6.71349905033293,0.2438567860566619,0.8843292351985699,1
9-bus,6,3-6,0.19666666666666668,0.5103785569395862,0.8148237296250551,4.747722409672494,7.385327314497664,0.31148053588897745,1.0916216302652766,1
9-bus,6,3-6,0.2219047619047619,0.6358195173827125,1.0090490445531843,5.187987618805336,7.996474204296961,0.38491349444581147,1.30544876540842,1
9-bus,6,3-6,0.24714285714285714,0.77201576497608,1.2179912729514917,5.600600699475599,8.552448198563786,0.46351145694878015,1.5239763805760531,1
9-bus,6,3-6,0.2723809523809524,0.9183129303316568,1.4403221490968234,5.9890155940818275,9.058256502338331,0.5466979975461783,1.746337173252937,1
9-bus,6,3-6,0.29761904761904767,1.0741440292853512,1.6748339162815875,6.3566950721040065,9.518448612500682,0.6339695015319261,1.972528908591007,1
9-bus,6,3-6,0.3228571428571429,1.2390290057922078,1.9204282848489478,6.7070544826580445,9.937156130226356,0.7249005316594368,2.2032908647001643,1
9-bus,6,3-6,0.3480952380952381,1.4125726884865835,2.1761063531438345,7.043392775165073,10.318129333902036,0.8191491053223826,2.439965042809134,1
9-bus,6,3-6,0.3733333333333334,1.5944608723378295,2.440959415297085,7.368813200059638,10.66477094875436,0.9164615110651209,2.6843486522985573,1
9-bus,6,3-6,0.39857142857142863,1.7844542798228726,2.714160588933272,7.6861345725824295,10.980167464813233,1.0166762984998532,2.93854096578195,1
9-bus,6,3-6,0.42380952380952386,1.9823801543898265,2.994957208201562,7.997791925244312,11.267118249153503,1.1197269874928701,3.2047809636430378,1
9-bus,6,3-6,0.4490476190476191,2.1881211808537837,3.2826639208868613,8.305723569182064,11.528162664832431,1.2256428108649011,3.485263143389817,1
9-bus,6,3-6,0.4742857142857143,2.401601347271356,3.5766564492786292,8.611241048396037,11.765605281365957,1.3345464220347611,3.7819090228560297,1
9-bus,6,3-6,0.4995238095238096,2.6227682900622624,3.8763659630054126,8.914880735268051,12.309580925853652,1.4466469636134254,4.096064136142918,1
9-bus,6,3-6,0.5247619047619048,2.8515717106033964,4.181274023213687,9.216242602294058,12.937973843676007,1.562226315707231,4.428089909777243,1
9-bus,6,3-6,0.55,3.0879377352495267,4.490908043548224,9.51383479509344,13.590843703115901,1.6816159167267264,4.776835478188437,1
9-bus,7,6-7,0.02,0.005893014150752773,0.008661994033964893,0.5839617594452253,0.8551586442428109,0.0036105126829247083,0.017576980732709087,0
9-bus,7,6-7,0.045238095238095244,0.029464567027381122,0.04289918699055262,1.2756604618657017,1.8407815657912119,0.017973876307049844,0.08447774808688448,0
9-bus,7,6-7,0.07047619047619048,0.0698703425308803,0.10072326248113533,1.9182610988991131,2.7473697884303716,0.042420198731863534,0.19242810096478455,0
9-bus,7,6-7,0.09571428571428572,0.12589302861532925,0.1797062607171307,2.5135605275700623,3.6401756362061946,0.07604175063336228,0.33289310589936755,0
9-bus,7,6-7,0.12095238095238096,0.1963659469231486,0.28234037163229997,3.0637824127741253,4.485191935495615,0.11795762378209197,0.498443633821374,0
9-bus,7,6-7,0.14619047619047618,0.2801843694773708,0.40570801707242565,3.5716176389845846,5.283442272631485,0.16732508021399342,0.6828331028179888,0
9-bus,7,6-7,0.17142857142857143,0.37631761196510966,0.5486498723429492,4.0402440373831645,6.036725804548027,0.223351902712831,0.8810549892917657,0
9-bus,7,6-7,0.19666666666666668,0.48382127377998757,0.7100628528997872,4.473316950761782,6.747713251759086,0.2853094684855127,1.0893686276809311,0
9-bus,7,6-7,0.2219047619047619,0.6018487999868244,0.8889229076013514,4.8749241874344165,7.420001687705951,0.3525460124645702,1.305281957725986,0
9-bus,7,6-7,0.24714285714285714,0.7296614316539719,1.084308494639946,5.249503496174087,8.058111268881621,0.4244993454240348,1.5274839948688435,0
9-bus,7,6-7,0.2723809523809524,0.8666356324269056,1.2954230999523892,5.601726115922929,8.667410928758871,0.5007081854542363,1.755726129712715,1
9-bus,7,6-7,0.29761904761904767,1.0122672300588251,1.5216149048730576,5.9363545443007775,9.253966202854153,0.5808212528627772,1.9906581018149996,1
9-bus,7,6-7,0.3228571428571429,1.1661717543726422,1.7623916219278926,6.258085210461125,9.82430897179437,0.6646033435493219,2.2336295648362685,1
9-bus,7,6-7,0.3480952380952381,1.3280807280709894,2.0174285833493393,6.571386753161363,10.385134199048949,0.7519376930151224,2.4864699657461493,1
9-bus,7,6-7,0.3733333333333334,1.4978339133707987,2.2865683365683367,6.880342398959857,10.942931568689108,0.8428240296574724,2.75125738111297,1
9-bus,7,6-7,0.39857142857142863,1.6753676891382625,2.569810210264431,7.188501480160832,11.503560434775927,0.9373717594313045,3.0300815379365518,1
9-bus,7,6-7,0.42380952380952386,1.8606998160558963,2.8672885238879546,7.498741735605904,12.07177636463282,1.0357877184468436,3.3247991118878897,1
9-bus,7,6-7,0.4490476190476191,2.05391086027606,3.1792383437752925,7.813142139281294,12.650719992992816,1.1383579046094068,3.636773110377499,1
9-bus,7,6-7,0.4742857142857143,2.2551225440905136,3.505948056557954,8.132866878272933,13.241388121257232,1.2454226308146692,3.9665861407612546,1
9-bus,7,6-7,0.4995238095238096,2.4644733548116786,3.8476987619692773,8.45806565927832,13.842127225991433,1.3573447587405998,4.313723867677942,1
9-bus,7,6-7,0.5247619047619048,2.6820919763527304,4.204691896858038,8.787803783769563,14.448222980541045,1.4744712538715519,4.676244338165102,1
9-bus,7,6-7,0.55,2.90806957162401,4.576968895974413,9.120046078610747,15.051703102443318,1.5970894170414678,5.050483662325025,1
9-bus,8,7-8,0.02,0.006057315044924322,0.009476607213528943,0.6004687826530853,0.9421116087271048,0.003787492120302339,0.020324197725130458,0
9-bus,8,7-8,0.045238095238095244,0.030315609181764142,0.047775734292895056,1.3137185985110216,2.0844241892280255,0.018954977517878883,0.09825942978868119,0
9-bus,8,7-8,0.07047619047619048,0.0719634119394945,0.11427134843391851,1.9787878971101474,3.176921753121896,0.04499838079553294,0.22537041742673158,0
9-bus,8,7-8,0.09571428571428572,0.12980743263953143,0.20773393853030986,2.597527000861105,4.221785435212926,0.08118440325516552,0.39294452422744663,0
9-bus,8,7-8,0.12095238095238096,0.20270506024138846,0.3269878536852031,3.1721031831716187,5.221103031073547,0.12682365546226027,0.5934459181509822,0
9-bus,8,7-8,0.14619047619047618,0.2895724158179864,0.4709090033309087,3.705002450375345,6.176873341673338,0.1812769460385753,0.8204749477391882,0
9-bus,8,7-8,0.17142857142857143,0.38939224827558433,0.6384226607879084,4.199014647140829,7.091010018541166,0.2439598968027785,1.068704826284973,0
9-bus,8,7-8,0.19666666666666668,0.5012212036889218,0.8285013571747777,4.6571982620273475,7.965344873044717,0.3143455125191874,1.333794390544707,1
9-bus,8,7-8,0.2219047619047619,0.6241959353938341,1.0401628518375323,5.082823887119333,8.801630630105867,0.3919644275555011,1.612278636053805,1
9-bus,8,7-8,0.24714285714285714,0.757537542949032,1.272468165372566,5.4792991245679445,9.601543142261633,0.4764027403579762,1.901442277502182,1
9-bus,8,7-8,0.2723809523809524,0.900553945988757,1.5245196623934254,5.850081347831632,10.366683134344608,0.5672975985648989,2.1991846383202587,1
9-bus,8,7-8,0.29761904761904767,1.0526399933437183,1.7954591738257093,6.198586998263632,11.098577617563523,0.66433095383484,2.503885709560791,1
9-bus,8,7-8,0.3228571428571429,1.2132753356327348,2.084466152819621,6.52810650847973,11.798681184854463,0.7672221035048231,2.81428277814663,1
9-bus,8,7-8,0.3480952380952381,1.3820203052732236,2.3907558647531744,6.841732557552884,12.46837746197547,0.8757197330282133,3.129364849025218,1
9-bus,8,7-8,0.3733333333333334,1.5585102109028164,2.7135776189886283,7.142306801171341,13.108981025022068,0.98959415583223,3.448288947333455,1
9-bus,8,7-8,0.39857142857142863,1.7424485459239563,3.0522130582020965,7.43238717000646,13.721740085644853,1.1086303341305581,3.770319157710294,1
9-bus,8,7-8,0.42380952380952386,1.9335996263742388,3.4059745277276487,7.714235032612791,14.30784017846265,1.2326220915823267,4.094786649823212,1
9-bus,8,7-8,0.4490476190476191,2.1317811269144586,3.7742035519064068,7.989819352183045,14.868408953579278,1.3613677393689425,4.421067266330167,1
9-bus,8,7-8,0.4742857142857143,2.336856893434566,4.156269444323728,8.260833609130875,15.404521988824973,1.494667165862438,4.748572505187228,1
9-bus,8,7-8,0.4995238095238096,2.5487302915401884,4.551568075498183,8.528720669741311,15.917209307694547,1.6323203089745426,5.076749686049312,1
9-bus,8,7-8,0.5247619047619048,2.7673382328956824,4.959520807318499,8.794700657245802,16.407462068881962,1.7741268451765055,5.4050874179542765,1
9-bus,8,7-8,0.55,2.9926458927741937,5.379573591860535,9.059797168806801,16.87623870550435,1.9198868899072614,5.733122960247059,1
9-bus,2,8-2,0.02,0.005539507676849788,0.009473706685629413,0.5492451647070348,0.9418233436975343,0.0036704692891489283,0.018605603878765056,1
9-bus,2,8-2,0.045238095238095244,0.027734189471568704,0.04776113002744209,1.2021210550113723,2.0837880370162942,0.01843021940742422,0.09018532748591694,1
9-bus,2,8-2,0.07047619047619048,0.0658442128044833,0.11423649677990433,1.8105838420235496,3.1759566633331215,0.04389674475956115,0.2073288513298466,1
9-bus,2,8-2,0.09571428571428572,0.11876027032657054,0.2076707907118256,2.375642917267939,4.220511677877988,0.07945781749105132,0.362241260977302,1
9-bus,2,8-2,0.12095238095238096,0.1854053444401578,0.3268888895562687,2.8988451186586683,5.219542236606563,0.12453783054130964,0.5481332405606559,1
9-bus,2,8-2,0.14619047619047618,0.2647479595269615,0.47076726643058175,3.3822453839576467,6.175048558028173,0.1786054169362568,0.7592261280425447,1
9-bus,2,8-2,0.17142857142857143,0.35581434214092417,0.638231794615923,3.8283495649506967,7.088945742950992,0.2411782812698094,0.9907152650704206,1
9-bus,2,8-2,0.19666666666666668,0.45769879588941914,0.8282556414280815,4.240030588317327,7.9630670068791245,0.31182492507292786,1.238693862422736,1
9-bus,2,8-2,0.2219047619047619,0.5695716683257347,1.0398572359111924,4.620422544408041,8.79916629789112,0.3901632535047617,1.5000447401572712,1
9-bus,2,8-2,0.24714285714285714,0.6906844497348109,1.2720982949197157,4.972800960719239,9.598920310472286,0.47585638956127985,1.77231141321464,1
9-bus,2,8-2,0.2723809523809524,0.8203717872689325,1.5240818930495605,5.300459964460898,10.363929964055576,0.568606326958696,2.0535620194459416,1
9-bus,2,8-2,0.29761904761904767,0.9580504771280357,1.7949505645427235,5.6065974027006265,11.09572148949011,0.6681462565830455,2.3422590269121732,1
9-bus,2,8-2,0.3228571428571429,1.1032157590051732,2.08388442994709,5.894217271927786,11.795747348502454,0.7742324636423761,2.637144852269568,1
9-bus,2,8-2,0.3480952380952381,1.2554354355306356,2.390099346996224,6.1660556533419495,12.465387286751799,0.8866366127993913,2.937149455073084,1
9-bus,2,8-2,0.3733333333333334,1.414342449522666,2.7128450933919295,6.4245326871321025,13.105949873281705,1.0051390515179688,3.2413218113254745,1
9-bus,2,8-2,0.39857142857142863,1.5796265723127894,3.051403598470304,6.671729778907114,13.71867488892393,1.1295235215730182,3.548783823074655,1
9-bus,2,8-2,0.42380952380952386,1.751025802832924,3.4050872491871083,6.909388800850679,14.304736878105377,1.2595734294527523,3.8587031354360466,1
9-bus,2,8-2,0.4490476190476191,1.9283179763663973,3.7732373027127446,7.1389286721312715,14.865250060803401,1.3950696276796193,4.170280478198089,1
9-bus,2,8-2,0.4742857142857143,2.11131295834524,4.155222440515402,7.361474312841416,15.401274615926486,1.535789521064609,4.482747221664806,1
9-bus,2,8-2,0.4995238095238096,2.299845674857646,4.55043749613095,7.577893262232078,15.91382410781538,1.6815072358892047,4.795369421817271,1
9-bus,2,8-2,0.5247619047619048,2.493770121142582,4.958302380090516,7.7888359444686825,16.403873563886517,1.8319945658808865,5.107455378926506,1
9-bus,2,8-2,0.55,2.6929543974600727,5.378261209118761,7.994776394637923,16.872367471301157,1.9870224205324047,5.41836442282399,1
9-bus,9,8-9,0.02,0.005332343472445239,0.00780487964736859,0.5284734277720887,0.7705305989792577,0.0030456092321504325,0.013997274753843209,0
9-bus,9,8-9,0.045238095238095244,0.026671771688532814,0.03865333118089914,1.1552286955069115,1.6585819658751662,0.01513654422642302,0.06738879234666663,0
9-bus,9,8-9,0.07047619047619048,0.06328061087495407,0.09075707097647806,1.7388123264469504,2.455539982667368,0.035674955019824914,0.15391487809684187,0
9-bus,9,8-9,0.09571428571428572,0.11409404906641872,0.16187000534397306,2.281236489470897,3.1796453108096636,0.06388415404978723,0.26722383512504344,0
9-bus,9,8-9,0.12095238095238096,0.17810179711652008,0.24987259663186967,2.7848070144414208,3.9268154242239723,0.09903150940485704,0.40186054130953985,0
9-bus,9,8-9,0.14619047619047618,0.25435527293479426,0.3545117799416374,3.2521043802794907,4.636917697477087,0.14043448981402998,0.5532214525580381,0
9-bus,9,8-9,0.17142857142857143,0.34197422511032377,0.4801136262569572,3.6859580945646635,5.310363686828491,0.18746489814613146,0.7174995115336059,0
9-bus,9,8-9,0.19666666666666668,0.44015260925946437,0.6222543916739962,4.089412772121163,5.94764172750696,0.23955143866254416,0.8916220837594662,0
9-bus,9,8-9,0.2219047619047619,0.5481634882451164,0.7800291051550572,4.465684585755835,6.549408260089816,0.296180819884836,1.07318450758002,0
9-bus,9,8-9,0.24714285714285714,0.6653627093188282,0.9525523571902452,4.818107998891517,7.1165693695154495,0.3568976510135045,1.260381287550107,0
9-bus,9,8-9,0.2723809523809524,0.7911911276235676,1.1389654538103202,5.150074197708226,7.650344902616938,0.4213034356339285,1.4519364200721832,0
9-bus,9,8-9,0.29761904761904767,0.9251751989345388,1.3384448950081376,5.464963978111157,8.152308262473806,0.48905498787763535,1.6470337977827851,1
9-bus,9,8-9,0.3228571428571429,1.0669258463366196,1.5502114925810135,5.76607872634584,8.624396574722956,0.5598625790435684,1.8452481265172826,1
9-bus,9,8-9,0.3480952380952381,1.2161356024748333,1.7735393359936056,6.056573438779587,9.068888184428722,0.6334880621239327,2.0464763966144743,1
9-bus,9,8-9,0.3733333333333334,1.3725741263625164,2.007763771155255,6.339395455759868,9.488347099991305,0.7097431248000071,2.250869775405791,1
9-bus,9,8-9,0.39857142857142863,1.5360822776962284,2.252287581968152,6.61723181139114,9.885536742336717,0.7884877051830107,2.4587658663374903,1
9-bus,9,8-9,0.42380952380952386,1.7065649908150544,2.506584656617161,6.892466939991492,10.26330787905801,0.8696284904079691,2.6706215539751685,1
9-bus,9,8-9,0.4490476190476191,1.8839832168471944,2.7702005710028743,7.167151063721451,10.624467679264187,0.953117326035372,2.8869469832292505,1
9-bus,9,8-9,0.4742857142857143,2.0683451923160763,3.0427497158105874,7.442978055163411,10.971638264212283,1.0389493070089253,3.1082414306438078,1
9-bus,9,8-9,0.4995238095238096,2.2596972406218727,3.3239088183500236,7.721270076153279,11.307114007003488,1.1271603003919752,3.3349317882208176,1
9-bus,9,8-9,0.5247619047619048,2.4581142311501423,3.6134069471425416,8.002964975891699,11.632727125046177,1.2178236627929784,3.567313988757037,1
9-bus,9,8-9,0.55,2.663689702579639,3.911012331287612,8.2886014379382,11.949731233643718,1.3110459419159333,3.8054970189156743,1
9-bus,4,9-4,0.02,0.005585922725824588,0.008470486381574494,0.553621771786165,0.836449780042175,0.0031858218157563996,0.014964566809146857,0
9-bus,4,9-4,0.045238095238095244,0.027947905876962054,0.04199162679891355,1.2110272000180415,1.804108675700705,0.015821110087254474,0.07207271111074912,0
9-bus,4,9-4,0.07047619047619048,0.06635218041435935,0.09876627153544859,1.825425963374961,2.6803975917315745,0.037289335374150176,0.16489291151692884,0
9-bus,4,9-4,0.09571428571428572,0.11975300900588919,0.17658162722555537,2.399947952468197,3.472740562512392,0.06682751642894616,0.2870990533718961,0
9-bus,4,9-4,0.12095238095238096,0.18718252618136721,0.27341461358907027,2.937630929085252,4.188727768358366,0.10374923654456378,0.43338484490331863,0
9-bus,4,9-4,0.14619047619047618,0.26774816472096274,0.38743457088965094,3.4414010181810863,4.835998020534612,0.14744088928337748,0.599300976919231,0
9-bus,4,9-4,0.17142857142857143,0.3606296089311954,0.5170030342426206,3.9140549240321767,5.422124425122281,0.19735661689173528,0.7811089967877114,0
9-bus,4,9-4,0.19666666666666668,0.46507533135093365,0.6606706963253645,4.358244824408698,6.040844018387886,0.25301225002715505,0.9756536255366081,0
9-bus,4,9-4,0.2219047619047619,0.5803987878841546,0.8171717533773344,4.776466458512242,6.678394064025818,0.31397860021291435,1.1802544812513434,0
9-bus,4,9-4,0.24714285714285714,0.705974354065963,0.9854158859277589,5.1710505111706375,7.286438982127345,0.37987446829043575,1.3926172060455126,0
9-bus,4,9-4,0.2723809523809524,0.841233083311718,1.1644781608571728,5.544157060889149,7.865107754184951,0.45035971340598346,1.6107630081211735,0
9-bus,4,9-4,0.29761904761904767,0.9856583591582835,1.3603633609656682,5.897772646422838,8.41451086176224,0.5251286823913119,1.8329747690205218,0
9-bus,4,9-4,0.3228571428571429,1.138781501058736,1.579356079988368,6.2337094344066415,8.934790353407195,0.6039042361662436,2.0577572241621676,0
9-bus,4,9-4,0.3480952380952381,1.3001773707227844,1.8111143246997796,6.55360602907917,9.42616284112399,0.6864325364629339,2.283808348642634,1
9-bus,4,9-4,0.3733333333333334,1.4694600162013074,2.0549123900129276,6.858929618939885,9.888954281649712,0.7724786808480569,2.5099989774288938,1
9-bus,4,9-4,0.39857142857142863,1.6462783856774301,2.3100344572277436,7.150979353118893,10.32362565515399,0.8618232035387051,2.735357839210592,1
9-bus,4,9-4,0.42380952380952386,1.8303121426597322,2.575778224566606,7.430891027123811,10.73078898517998,0.9542593990506762,2.9590595470136836,1
9-bus,4,9-4,0.4490476190476191,2.021267617900411,2.8514588180132208,7.699643284729462,11.111213566937582,1.0495913786452347,3.1804136125742204,1
9-bus,4,9-4,0.4742857142857143,2.2188739403336544,3.136412739829984,7.958065590625211,11.465822740045756,1.147632738661287,3.3988531665673904,1
9-bus,4,9-4,0.4995238095238096,2.4228793924516423,3.4300016237101563,8.206848146100917,11.795682145154307,1.248205702113703,3.6139227075752416,1
9-bus,4,9-4,0.5247619047619048,2.633048042057313,3.7316156012485466,8.446553815510725,12.101980799001927,1.351140596296551,3.8252647756117284,1
9-bus,4,9-4,0.55,2.849156698777895,4.040676118425183,8.677631906563883,12.386006806074542,1.4562755385926638,4.032605906840324,1
14-bus,1,1-2,0.02,0.001828540200717721,0.006216464565374724,0.18221322544718763,0.6199773113543562,0.0026584541944519643,0.014720320765203234,1
14-bus,1,1-2,0.048666666666666664,0.010718019848437668,0.03652672796316059,0.4366587316747642,1.4913313832953339,0.015608581928720886,0.08511692678421873,1
14-bus,1,1-2,0.07733333333333334,0.02678752213286057,0.09152904760728897,0.6831390665956099,2.3427578411418795,0.03908062353847958,0.20989372369783596,1
14-bus,1,1-2,0.106,0.04980830663512378,0.17065890733171607,0.9216297571328257,3.1747254843242705,0.0728056557139241,0.3851337454776698,1
14-bus,1,1-2,0.13466666666666666,0.0795512669171862,0.2733650968586061,1.1521299867534698,3.987693917566485,0.11651918759738414,0.6071243157581011,1
14-bus,1,1-2,0.16333333333333333,0.11578762938412177,0.39910945365323336,1.3746640238661259,4.782113855997808,0.16996132655843302,0.87235187584287,1
14-bus,1,1-2,0.19199999999999998,0.15828969174208768,0.5473666065452027,1.589282555890361,5.558426924409236,0.23287694063441566,1.177496759290284,1
14-bus,1,1-2,0.22066666666666665,0.20683159817162816,0.7176237051410312,1.7960639106580956,6.317064852201651,0.30501581496563535,1.519427558940676,1
14-bus,1,1-2,0.24933333333333332,0.2611901472541806,0.9093801167476547,1.9951151085690395,7.058448007697898,0.3861327986823742,1.8951947390074086,1
14-bus,1,1-2,0.278,0.32114562664411817,1.1221470720024034,2.1865726600750253,7.7829833002235596,0.47598793793824873,2.3020231979021726,1
14-bus,1,1-2,0.3066666666666667,0.3864826657512208,1.3554472430326545,2.370603003370121,8.491061612601909,0.5743465905304252,2.737303612846318,1
14-bus,1,1-2,0.33533333333333337,0.4569910943882178,1.6088142451464942,2.54740246629566,9.18305510537952,0.6809795180908064,3.198582613921772,1
14-bus,1,1-2,0.364,0.5324667920911269,1.8817920656384917,2.717196639393903,9.859314933088061,0.7956629535896401,3.683552143624075,1
14-bus,1,1-2,0.39266666666666666,0.6127125100648405,2.173934441355539,2.8802390692929825,10.520170085726162,0.9181786450157208,4.190038726920387,1
14-bus,1,1-2,0.42133333333333334,0.697538645062693,2.484804228674032,3.0368092178139863,11.165928147375038,1.0483138798634548,4.715993729382543,1
14-bus,1,1-2,0.45,0.7867639443435221,2.8139728313794894,3.187209706457216,11.796878666958772,1.1858614996000862,5.259485901908238,1
14-bus,1,1-5,0.02,0.001828540200717721,0.006216464565374724,0.18221322544718763,0.6199773113543562,0.0026584541944519643,0.014720320765203234,0
14-bus,1,1-5,0.048666666666666664,0.010718019848437668,0.03652672796316059,0.4366587316747642,1.4913313832953339,0.015608581928720886,0.08511692678421873,0
14-bus,1,1-5,0.07733333333333334,0.02678752213286057,0.09152904760728897,0.6831390665956099,2.3427578411418795,0.03908062353847958,0.20989372369783596,0
14-bus,1,1-5,0.106,0.04980830663512378,0.17065890733171607,0.9216297571328257,3.1747254843242705,0.0728056557139241,0.3851337454776698,0
14-bus,1,1-5,0.13466666666666666,0.0795512669171862,0.2733650968586061,1.1521299867534698,3.987693917566485,0.11651918759738414,0.6071243157581011,0
14-bus,1,1-5,0.16333333333333333,0.11578762938412177,0.39910945365323336,1.3746640238661259,4.782113855997808,0.16996132655843302,0.87235187584287,1
14-bus,1,1-5,0.19199999999999998,0.15828969174208768,0.5473666065452027,1.589282555890361,5.558426924409236,0.23287694063441566,1.177496759290284,1
14-bus,1,1-5,0.22066666666666665,0.20683159817162816,0.7176237051410312,1.7960639106580956,6.317064852201651,0.30501581496563535,1.519427558940676,1
14-bus,1,1-5,0.24933333333333332,0.2611901472541806,0.9093801167476547,1.9951151085690395,7.058448007697898,0.3861327986823742,1.8951947390074086,1
14-bus,1,1-5,0.278,0.32114562664411817,1.1221470720024034,2.1865726600750253,7.7829833002235596,0.47598793793824873,2.3020231979021726,1
14-bus,1,1-5,0.3066666666666667,0.3864826657512208,1.3554472430326545,2.370603003370121,8.491061612601909,0.5743465905304252,2.737303612846318,1
14-bus,1,1-5,0.33533333333333337,0.4569910943882178,1.6088142451464942,2.54740246629566,9.18305510537952,0.6809795180908064,3.198582613921772,1
14-bus,1,1-5,0.364,0.5324667920911269,1.8817920656384917,2.717196639393903,9.859314933088061,0.7956629535896401,3.683552143624075,1
14-bus,1,1-5,0.39266666666666666,0.6127125100648405,2.173934441355539,2.8802390692929825,10.520170085726162,0.9181786450157208,4.190038726920387,1
14-bus,1,1-5,0.42133333333333334,0.697538645062693,2.484804228674032,3.0368092178139863,11.165928147375038,1.0483138798634548,4.715993729382543,1
14-bus,1,1-5,0.45,0.7867639443435221,2.8139728313794894,3.187209706457216,11.796878666958772,1.1858614996000862,5.259485901908238,1
14-bus,2,2-3,0.02,0.0016735851442430754,0.005427360010235249,0.1667686843036506,0.541268687637431,0.0022675189634869296,0.011670032260241934,0
14-bus,2,2-3,0.048666666666666664,0.00980876649617278,0.0318872456870084,0.3995665848948867,1.3017691809153997,0.01331031124016644,0.06742301233376587,0
14-bus,2,2-3,0.07733333333333334,0.024510585695235596,0.07989081837312961,0.6248855826786155,2.0443457545858035,0.0333145328135827,0.16608972768374378,0
14-bus,2,2-3,0.106,0.04556318652670663,0.1489273709594544,0.8426354733238159,2.7692385159889588,0.062034834205627505,0.3044026418956048,0
14-bus,2,2-3,0.13466666666666666,0.07274925643207987,0.2384953170331433,1.0528091844639524,3.4768526124990498,0.09922619242630666,0.4792843326082373,0
14-bus,2,2-3,0.16333333333333333,0.10585279688275737,0.3481076661107798,1.2555103012956965,4.16780921451379,0.14464718977644597,0.6879047511383002,0
14-bus,2,2-3,0.19199999999999998,0.1446627217296899,0.4772988612838589,1.4509830803738217,4.842988824733248,0.19806419258619223,0.9277485282112257,1
14-bus,2,2-3,0.22066666666666665,0.1889773264074884,0.6256326807717592,1.6396426515808677,5.503560985281414,0.2592563873243858,1.1966860114684827,1
14-bus,2,2-3,0.24933333333333332,0.2386095774413442,0.7927106978882503,1.8221011712918014,6.150991926669779,0.3280215154304552,1.4930387125259965,1
14-bus,2,2-3,0.278,0.29339302248122134,0.9781805222479227,1.999183807802511,6.787019865701849,0.40418197813351703,1.8156264228800931,1
14-bus,2,2-3,0.3066666666666667,0.35318792247706987,1.1817427387345483,2.171926861143081,7.413587060340084,0.48759077057565336,2.1637800634421183,1
14-bus,2,2-3,0.33533333333333337,0.4178869712655646,1.403155160622524,2.341549394844092,8.032718993790324,0.5781364693204595,2.537302123095245,1
14-bus,2,2-3,0.364,0.4874197199420632,1.6422327850019103,2.5093899118349143,8.646344856303093,0.6757462731755794,2.9363562051483214,1
14-bus,2,2-3,0.39266666666666666,0.5617546012023726,1.8988417637404702,2.676801398631576,9.25606056635065,0.7803859297456995,3.3612698961577436,1
14-bus,2,2-3,0.42133333333333334,0.6408973109579541,2.1728858890853155,2.8450021950963267,9.862846694349978,0.8920553350567333,3.812242588402047,1
14-bus,2,2-3,0.45,0.7248843270759557,2.464284659308472,3.014887474418616,10.466769385054432,1.0107787509139607,4.288964467359917,1
14-bus,2,2-4,0.02,0.0016735851442430754,0.005427360010235249,0.1667686843036506,0.541268687637431,0.0022675189634869296,0.011670032260241934,0
14-bus,2,2-4,0.048666666666666664,0.00980876649617278,0.0318872456870084,0.3995665848948867,1.3017691809153997,0.01331031124016644,0.06742301233376587,0
14-bus,2,2-4,0.07733333333333334,0.024510585695235596,0.07989081837312961,0.6248855826786155,2.0443457545858035,0.0333145328135827,0.16608972768374378,0
14-bus,2,2-4,0.106,0.04556318652670663,0.1489273709594544,0.8426354733238159,2.7692385159889588,0.062034834205627505,0.3044026418956048,0
14-bus,2,2-4,0.13466666666666666,0.07274925643207987,0.2384953170331433,1.0528091844639524,3.4768526124990498,0.09922619242630666,0.4792843326082373,0
14-bus,2,2-4,0.16333333333333333,0.10585279688275737,0.3481076661107798,1.2555103012956965,4.16780921451379,0.14464718977644597,0.6879047511383002,0
14-bus,2,2-4,0.19199999999999998,0.1446627217296899,0.4772988612838589,1.4509830803738217,4.842988824733248,0.19806419258619223,0.9277485282112257,1
14-bus,2,2-4,0.22066666666666665,0.1889773264074884,0.6256326807717592,1.6396426515808677,5.503560985281414,0.2592563873243858,1.1966860114684827,1
14-bus,2,2-4,0.24933333333333332,0.2386095774413442,0.7927106978882503,1.8221011712918014,6.150991926669779,0.3280215154304552,1.4930387125259965,1
14-bus,2,2-4,0.278,0.29339302248122134,0.9781805222479227,1.999183807802511,6.787019865701849,0.40418197813351703,1.8156264228800931,1
14-bus,2,2-4,0.3066666666666667,0.35318792247706987,1.1817427387345483,2.171926861143081,7.413587060340084,0.48759077057565336,2.1637800634421183,1
14-bus,2,2-4,0.33533333333333337,0.4178869712655646,1.403155160622524,2.341549394844092,8.032718993790324,0.5781364693204595,2.537302123095245,1
14-bus,2,2-4,0.364,0.4874197199420632,1.6422327850019103,2.5093899118349143,8.646344856303093,0.6757462731755794,2.9363562051483214,1
14-bus,2,2-4,0.39266666666666666,0.5617546012023726,1.8988417637404702,2.676801398631576,9.25606056635065,0.7803859297456995,3.3612698961577436,1
14-bus,2,2-4,0.42133333333333334,0.6408973109579541,2.1728858890853155,2.8450021950963267,9.862846694349978,0.8920553350567333,3.812242588402047,1
14-bus,2,2-4,0.45,0.7248843270759557,2.464284659308472,3.014887474418616,10.466769385054432,1.0107787509139607,4.288964467359917,1
14-bus,2,2-5,0.02,0.0016735851442430754,0.005427360010235249,0.1667686843036506,0.541268687637431,0.0022675189634869296,0.011670032260241934,0
14-bus,2,2-5,0.048666666666666664,0.00980876649617278,0.0318872456870084,0.3995665848948867,1.3017691809153997,0.01331031124016644,0.06742301233376587,0
14-bus,2,2-5,0.07733333333333334,0.024510585695235596,0.07989081837312961,0.6248855826786155,2.0443457545858035,0.0333145328135827,0.16608972768374378,0
14-bus,2,2-5,0.106,0.04556318652670663,0.1489273709594544,0.8426354733238159,2.7692385159889588,0.062034834205627505,0.3044026418956048,0
14-bus,2,2-5,0.13466666666666666,0.07274925643207987,0.2384953170331433,1.0528091844639524,3.4768526124990498,0.09922619242630666,0.4792843326082373,0
14-bus,2,2-5,0.16333333333333333,0.10585279688275737,0.3481076661107798,1.2555103012956965,4.16780921451379,0.14464718977644597,0.6879047511383002,0
14-bus,2,2-5,0.19199999999999998,0.1446627217296899,0.4772988612838589,1.4509830803738217,4.842988824733248,0.19806419258619223,0.9277485282112257,0
14-bus,2,2-5,0.22066666666666665,0.1889773264074884,0.6256326807717592,1.6396426515808677,5.503560985281414,0.2592563873243858,1.1966860114684827,1
14-bus,2,2-5,0.24933333333333332,0.2386095774413442,0.7927106978882503,1.8221011712918014,6.150991926669779,0.3280215154304552,1.4930387125259965,1
14-bus,2,2-5,0.278,0.29339302248122134,0.9781805222479227,1.999183807802511,6.787019865701849,0.40418197813351703,1.8156264228800931,1
14-bus,2,2-5,0.3066666666666667,0.35318792247706987,1.1817427387345483,2.171926861143081,7.413587060340084,0.48759077057565336,2.1637800634421183,1
14-bus,2,2-5,0.33533333333333337,0.4178869712655646,1.403155160622524,2.341549394844092,8.032718993790324,0.5781364693204595,2.537302123095245,1
14-bus,2,2-5,0.364,0.4874197199420632,1.6422327850019103,2.5093899118349143,8.646344856303093,0.6757462731755794,2.9363562051483214,1
14-bus,2,2-5,0.39266666666666666,0.5617546012023726,1.8988417637404702,2.676801398631576,9.25606056635065,0.7803859297456995,3.3612698961577436,1
14-bus,2,2-5,0.42133333333333334,0.6408973109579541,2.1728858890853155,2.8450021950963267,9.862846694349978,0.8920553350567333,3.812242588402047,1
14-bus,2,2-5,0.45,0.7248843270759557,2.464284659308472,3.014887474418616,10.466769385054432,1.0107787509139607,4.288964467359917,1
14-bus,3,3-4,0.02,0.0010534910223772675,0.00368752457696897,0.10503216801377724,0.36769525271733955,0.001437469547225325,0.00551069863063854,0
14-bus,3,3-4,0.048666666666666664,0.006187601124378192,0.021647874873130357,0.2526548155832444,0.8829009713809202,0.00843186858840451,0.031759592590693095,0
14-bus,3,3-4,0.07733333333333334,0.015514582225901598,0.054158030698356674,0.3977158019030515,1.382508660246017,0.021068748516486047,0.07790846760867558,0
14-bus,3,3-4,0.106,0.028974160508287373,0.10074766509721789,0.5411189383978967,1.8649638800328723,0.039129841928167694,0.14196042853925805,0
14-bus,3,3-4,0.13466666666666666,0.04653070489677323,0.1609078307704781,0.6836784974990624,2.3291441777434962,0.062371653195361525,0.22191186058427675,0
14-bus,3,3-4,0.16333333333333333,0.06817054757877371,0.2341047566080473,0.8261109548306402,2.7744541825294005,0.0905335212480277,0.31585783076254365,0
14-bus,3,3-4,0.19199999999999998,0.09389903538983572,0.31979605425172075,0.9690245484830585,3.200898070111785,0.12334699964400675,0.42210000686412397,0
14-bus,3,3-4,0.22066666666666665,0.12373725931455412,0.4174486369176418,1.112907441509297,3.6091260423418063,0.16054617267180415,0.5392457458570306,0
14-bus,3,3-4,0.24933333333333332,0.1577184393334004,0.5265575665842264,1.258115749853276,4.00045230621586,0.20187846455937514,0.6662888175286539,0
14-bus,3,3-4,0.278,0.19588398132035872,0.6466649955419663,1.4048628678329282,4.376843731537466,0.24711545696100265,0.8026652769564436,0
14-bus,3,3-4,0.3066666666666667,0.23827926216692913,0.7773783768419809,1.553211365214913,4.74088061712296,0.29606322530561824,0.9482819546125639,0
14-bus,3,3-4,0.33533333333333337,0.28494923007117035,0.9183871923556566,1.7030682840170606,5.095693296333872,0.3485717463441137,1.103519261652203,1
14-bus,3,3-4,0.364,0.3359339220052847,1.0694775811664279,1.8541840425347218,5.444880047056052,0.4045430168648203,1.2692137085859376,1
14-bus,3,3-4,0.39266666666666666,0.3912639969524716,1.2305444198445163,2.006154510122008,5.7924124006089395,0.46393764372659113,1.4466279577474306,1
14-bus,3,3-4,0.42133333333333334,0.45095636327242267,1.4016005727101741,2.1584253144657075,6.142533115452619,0.5267797949195151,1.6374168573425274,1
14-bus,3,3-4,0.45,0.5150099477717573,1.5827831505311634,2.310297233031941,6.499649687794803,0.5931605106936584,1.8435965251134805,1
14-bus,4,4-5,0.02,0.0013210840204234103,0.004654715688450217,0.13166427892217633,0.46417467660988787,0.001854676920859471,0.008605667586826515,0
14-bus,4,4-5,0.048666666666666664,0.007746139394833837,0.027336655030358314,0.31565271473580725,1.1154483793641505,0.010886224560487063,0.04966926457117694,0
14-bus,4,4-5,0.07733333333333334,0.019363608279481713,0.06843911129998248,0.4938981203135948,1.7491504205667332,0.027235955601583504,0.12213264183295836,0
14-bus,4,4-5,0.106,0.03600682256794062,0.12744437351939863,0.6662710458339439,2.364349485375114,0.05067767932553436,0.2232575157111035,0
14-bus,4,4-5,0.13466666666666666,0.05750658894905973,0.2038122950546113,0.832728641941111,2.9604258685701454,0.08097270433844189,0.3503544167264242,0
14-bus,4,4-5,0.16333333333333333,0.08369400577554105,0.29699041799959724,0.99333799837349,3.537153313466874,0.11787493259866225,0.5008726264888594,0
14-bus,4,4-5,0.19199999999999998,0.11440394668015255,0.40642631697066434,1.1482991700227976,4.094771413073948,0.16113711136739856,0.6724999608630888,0
14-bus,4,4-5,0.22066666666666665,0.14947918450579384,0.5315818311144567,1.2979665227377952,4.634044055316091,0.21051810859008685,0.8632642394983662,0
14-bus,4,4-5,0.24933333333333332,0.18877507772441873,0.6719487023098236,1.4428662049014513,5.156298034328109,0.2657909934911305,1.0716275306977883,1
14-bus,4,4-5,0.278,0.23216466886452358,0.8270649596862041,1.594071800731932,5.663435455675273,0.32675160141681014,1.2965641190860129,1
14-bus,4,4-5,0.3066666666666667,0.2795439566027693,0.9965312123431476,1.74422140097253,6.157914029184408,0.39322715454191276,1.537613869913749,1
14-bus,4,4-5,0.33533333333333337,0.3308370070538187,1.180025859808186,1.8938280611971952,6.642690643719523,0.4650844123657445,1.7949042119635767,1
14-bus,4,4-5,0.364,0.38600047185269126,1.3773181231523348,2.0426731855714744,7.121125446633854,0.5422367489154751,2.069135937362518,1
14-bus,4,4-5,0.39266666666666666,0.4460426032873105,1.5882777484672859,2.1909117981115185,7.596845633077285,0.6246495022754195,2.3615297781621796,1
14-bus,4,4-5,0.42133333333333334,0.5109281630631097,1.812880238865792,2.338658987873989,8.073570025713794,0.7123429155888474,2.6737316121587718,1
14-bus,4,4-5,0.45,0.5800485587846242,2.0512065281078957,2.485902837303639,8.554897343285344,0.8053919835823206,3.0076738415204964,1
14-bus,4,4-7,0.02,0.0013210840204234103,0.004654715688450217,0.13166427892217633,0.46417467660988787,0.001854676920859471,0.008605667586826515,0
14-bus,4,4-7,0.048666666666666664,0.007746139394833837,0.027336655030358314,0.31565271473580725,1.1154483793641505,0.010886224560487063,0.04966926457117694,0
14-bus,4,4-7,0.07733333333333334,0.019363608279481713,0.06843911129998248,0.4938981203135948,1.7491504205667332,0.027235955601583504,0.12213264183295836,0
14-bus,4,4-7,0.106,0.03600682256794062,0.12744437351939863,0.6662710458339439,2.364349485375114,0.05067767932553436,0.2232575157111035,0
14-bus,4,4-7,0.13466666666666666,0.05750658894905973,0.2038122950546113,0.832728641941111,2.9604258685701454,0.08097270433844189,0.3503544167264242,0
14-bus,4,4-7,0.16333333333333333,0.08369400577554105,0.29699041799959724,0.99333799837349,3.537153313466874,0.11787493259866225,0.5008726264888594,0
14-bus,4,4-7,0.19199999999999998,0.11440394668015255,0.40642631697066434,1.1482991700227976,4.094771413073948,0.16113711136739856,0.6724999608630888,0
14-bus,4,4-7,0.22066666666666665,0.14947918450579384,0.5315818311144567,1.2979665227377952,4.634044055316091,0.21051810859008685,0.8632642394983662,0
14-bus,4,4-7,0.24933333333333332,0.18877507772441873,0.6719487023098236,1.4428662049014513,5.156298034328109,0.2657909934911305,1.0716275306977883,1
14-bus,4,4-7,0.278,0.23216466886452358,0.8270649596862041,1.594071800731932,5.663435455675273,0.32675160141681014,1.2965641190860129,1
14-bus,4,4-7,0.3066666666666667,0.2795439566027693,0.9965312123431476,1.74422140097253,6.157914029184408,0.39322715454191276,1.537613869913749,1
14-bus,4,4-7,0.33533333333333337,0.3308370070538187,1.180025859808186,1.8938280611971952,6.642690643719523,0.4650844123657445,1.7949042119635767,1
14-bus,4,4-7,0.364,0.38600047185269126,1.3773181231523348,2.0426731855714744,7.121125446633854,0.5422367489154751,2.069135937362518,1
14-bus,4,4-7,0.39266666666666666,0.4460426032873105,1.5882777484672859,2.1909117981115185,7.596845633077285,0.6246495022754195,2.3615297781621796,1
14-bus,4,4-7,0.42133333333333334,0.5109281630631097,1.812880238865792,2.338658987873989,8.073570025713794,0.7123429155888474,2.6737316121587718,1
14-bus,4,4-7,0.45,0.5800485587846242,2.0512065281078957,2.485902837303639,8.554897343285344,0.8053919835823206,3.0076738415204964,1
14-bus,4,4-9,0.02,0.0013210840204234103,0.004654715688450217,0.13166427892217633,0.46417467660988787,0.001854676920859471,0.008605667586826515,0
14-bus,4,4-9,0.048666666666666664,0.007746139394833837,0.027336655030358314,0.31565271473580725,1.1154483793641505,0.010886224560487063,0.04966926457117694,0
14-bus,4,4-9,0.07733333333333334,0.019363608279481713,0.06843911129998248,0.4938981203135948,1.7491504205667332,0.027235955601583504,0.12213264183295836,0
14-bus,4,4-9,0.106,0.03600682256794062,0.12744437351939863,0.6662710458339439,2.364349485375114,0.05067767932553436,0.2232575157111035,0
14-bus,4,4-9,0.13466666666666666,0.05750658894905973,0.2038122950546113,0.832728641941111,2.9604258685701454,0.08097270433844189,0.3503544167264242,0
14-bus,4,4-9,0.16333333333333333,0.08369400577554105,0.29699041799959724,0.99333799837349,3.537153313466874,0.11787493259866225,0.5008726264888594,0
14-bus,4,4-9,0.19199999999999998,0.11440394668015255,0.40642631697066434,1.1482991700227976,4.094771413073948,0.16113711136739856,0.6724999608630888,0
14-bus,4,4-9,0.22066666666666665,0.14947918450579384,0.5315818311144567,1.2979665227377952,4.634044055316091,0.21051810859008685,0.8632642394983662,0
14-bus,4,4-9,0.24933333333333332,0.18877507772441873,0.6719487023098236,1.4428662049014513,5.156298034328109,0.2657909934911305,1.0716275306977883,1
14-bus,4,4-9,0.278,0.23216466886452358,0.8270649596862041,1.594071800731932,5.663435455675273,0.32675160141681014,1.2965641190860129,1
14-bus,4,4-9,0.3066666666666667,0.2795439566027693,0.9965312123431476,1.74422140097253,6.157914029184408,0.39322715454191276,1.537613869913749,1
14-bus,4,4-9,0.33533333333333337,0.3308370070538187,1.180025859808186,1.8938280611971952,6.642690643719523,0.4650844123657445,1.7949042119635767,1
14-bus,4,4-9,0.364,0.38600047185269126,1.3773181231523348,2.0426731855714744,7.121125446633854,0.5422367489154751,2.069135937362518,1
14-bus,4,4-9,0.39266666666666666,0.4460426032873105,1.5882777484672859,2.1909117981115185,7.596845633077285,0.6246495022754195,2.3615297781621796,1
14-bus,4,4-9,0.42133333333333334,0.5109281630631097,1.812880238865792,2.338658987873989,8.073570025713794,0.7123429155888474,2.6737316121587718,1
14-bus,4,4-9,0.45,0.5800485587846242,2.0512065281078957,2.485902837303639,8.554897343285344,0.8053919835823206,3.0076738415204964,1
14-bus,5,5-6,0.02,0.0013534412417192526,0.004767642243139636,0.13488722958261512,0.47543701469845595,0.0019092350760335434,0.008957445959456963,0
14-bus,5,5-6,0.048666666666666664,0.007935525043520106,0.028000191142766195,0.3233575051632466,1.142539663344558,0.011206526940135861,0.05170392179217391,0
14-bus,5,5-6,0.07733333333333334,0.019836072762074573,0.07010181542326244,0.5059138182294696,1.7917089290267927,0.028037778415403128,0.12714258581833054,0
14-bus,5,5-6,0.106,0.036883401472550335,0.13054454810004046,0.6824191292900553,2.4220211693350326,0.052171027561304865,0.23242121638596197,0
14-bus,5,5-6,0.13466666666666666,0.05890312374751636,0.20877818736814335,0.8528257478873172,3.0328631010415883,0.08336181882165873,0.36473163887976473,0
14-bus,5,5-6,0.16333333333333333,0.0857210490357144,0.3042403987329284,1.01719903116004,3.6240148157810403,0.12135834414453789,0.521403194579818,0
14-bus,5,5-6,0.19199999999999998,0.1171667582169477,0.41636908987996435,1.1757404783788767,4.195724714929608,0.16590775841940808,0.7000067900239862,0
14-bus,5,5-6,0.22066666666666665,0.1530778146427866,0.5446167639505544,1.3288087156756843,4.748771663545678,0.21676353814527033,0.8984613997353305,1
14-bus,5,5-6,0.24933333333333332,0.19330451925964545,0.688466397553009,1.4769360175139414,5.284508078903544,0.27369366286533114,1.1151339457951135,1
14-bus,5,5-6,0.278,0.23771504019617962,0.8474481976282662,1.629433567178507,5.804876996190319,0.3364892891700957,1.3489231511347899,1
14-bus,5,5-6,0.3066666666666667,0.2862006553724369,1.021156394464777,1.7838441941340313,6.312396504787891,0.4049734729550813,1.5993185723183996,1
14-bus,5,5-6,0.33533333333333337,0.3386807480028295,1.2092650548928137,1.9369202166618416,6.810106198377711,0.479009393114038,1.8664275341393697,1
14-bus,5,5-6,0.364,0.39510709629753354,1.4115417712745408,2.0888281236055075,7.301472102802898,0.5585074508813892,2.1509646859951927,1
14-bus,5,5-6,0.39266666666666666,0.45556299424705254,1.6278580090762944,2.239645863162907,7.790248526604494,0.6434305688737806,2.454200656193082,1
14-bus,5,5-6,0.42133333333333334,0.5219146294822845,1.8581948781097954,2.3893417601286346,8.280297126952961,0.7337969906114535,2.7778670427875674,1
14-bus,5,5-6,0.45,0.59253968816204,2.102643126053003,2.5377522572215256,8.775365243338188,0.8296798801669047,3.124014346367498,1
14-bus,6,6-11,0.02,0.0011471357822024548,0.003323060934738442,0.11432756191304641,0.3313346313042841,0.0012225914943158444,0.004713001993487972,0
14-bus,6,6-11,0.048666666666666664,0.006730320625522248,0.019502835410127206,0.27454675892112845,0.7951472915768414,0.007171827896042032,0.02713497598844539,0
14-bus,6,6-11,0.07733333333333334,0.016855071420856037,0.048766597517289845,0.43133608651900407,1.2438055823608578,0.01791743908850774,0.06648538753430155,0
14-bus,6,6-11,0.106,0.03143595236906666,0.09065015224964657,0.5855786304483731,1.6752937635869476,0.03326468014434665,0.12097630489469931,0
14-bus,6,6-11,0.13466666666666666,0.05041142225524335,0.14463725882439982,0.738056888241682,2.088012291607244,0.05299159660599788,0.18879398155525343,0
14-bus,6,6-11,0.16333333333333333,0.07374082755664575,0.21017281415486044,0.8894443139039673,2.4808613190547044,0.07685634638902872,0.26818355151090745,0
14-bus,6,6-11,0.19199999999999998,0.10140116839609034,0.2866780795244134,1.0402980100924744,2.853299218156045,0.10460558925674868,0.35753377806271136,0
14-bus,6,6-11,0.22066666666666665,0.13338367877301122,0.37356719458556187,1.1910532048042533,3.205373527002671,0.13598348199589708,0.4554515286746459,0
14-bus,6,6-11,0.24933333333333332,0.16969028329254895,0.4702641676242032,1.3420202846585956,3.5377232202431776,0.17074078509389706,0.560817882892512,0
14-bus,6,6-11,0.278,0.2103300140323582,0.5762195284013338,1.49338507900371,3.8515532371453545,0.20864358842782962,0.6728210298909593,0
14-bus,6,6-11,0.3066666666666667,0.2553154875415295,0.6909258889277976,1.6452128080798905,4.148584486902567,0.24948120638684734,0.7909648728344223,0
14-bus,6,6-11,0.33533333333333337,0.30465954801953915,0.8139317812219689,1.7974556886367896,4.430984676905669,0.2930728787255189,0.9150558858717979,0
14-bus,6,6-11,0.364,0.3583721758349234,0.9448533184161398,1.9499637239594179,4.701286860749925,0.3392730351886149,1.0451736455895946,0
14-bus,6,6-11,0.39266666666666666,0.4164577407953834,1.0833834353072316,2.102497789306319,4.962303281311582,0.38797502534751144,1.1816321510269514,1
14-bus,6,6-11,0.42133333333333334,0.4789126495984116,1.229298679569365,2.254743836042724,5.21704177997252,0.43911336174963256,1.324939418247448,1
14-bus,6,6-11,0.45,0.5457234010489763,1.3824637179887758,2.4063269201470647,5.4686308430589365,0.4926646557106679,1.4757620492407737,1
14-bus,6,6-12,0.02,0.0011471357822024548,0.003323060934738442,0.11432756191304641,0.3313346313042841,0.0012225914943158444,0.004713001993487972,0
14-bus,6,6-12,0.048666666666666664,0.006730320625522248,0.019502835410127206,0.27454675892112845,0.7951472915768414,0.007171827896042032,0.02713497598844539,0
14-bus,6,6-12,0.07733333333333334,0.016855071420856037,0.048766597517289845,0.43133608651900407,1.2438055823608578,0.01791743908850774,0.06648538753430155,0
14-bus,6,6-12,0.106,0.03143595236906666,0.09065015224964657,0.5855786304483731,1.6752937635869476,0.03326468014434665,0.12097630489469931,0
14-bus,6,6-12,0.13466666666666666,0.05041142225524335,0.14463725882439982,0.738056888241682,2.088012291607244,0.05299159660599788,0.18879398155525343,0
14-bus,6,6-12,0.16333333333333333,0.07374082755664575,0.21017281415486044,0.8894443139039673,2.4808613190547044,0.07685634638902872,0.26818355151090745,0
14-bus,6,6-12,0.19199999999999998,0.10140116839609034,0.2866780795244134,1.0402980100924744,2.853299218156045,0.10460558925674868,0.35753377806271136,0
14-bus,6,6-12,0.22066666666666665,0.13338367877301122,0.37356719458556187,1.1910532048042533,3.205373527002671,0.13598348199589708,0.4554515286746459,0
14-bus,6,6-12,0.24933333333333332,0.16969028329254895,0.4702641676242032,1.3420202846585956,3.5377232202431776,0.17074078509389706,0.560817882892512,0
14-bus,6,6-12,0.278,0.2103300140323582,0.5762195284013338,1.49338507900371,3.8515532371453545,0.20864358842782962,0.6728210298909593,0
14-bus,6,6-12,0.3066666666666667,0.2553154875415295,0.6909258889277976,1.6452128080798905,4.148584486902567,0.24948120638684734,0.7909648728344223,0
14-bus,6,6-12,0.33533333333333337,0.30465954801953915,0.8139317812219689,1.7974556886367896,4.430984676905669,0.2930728787255189,0.9150558858717979,0
14-bus,6,6-12,0.364,0.3583721758349234,0.9448533184161398,1.9499637239594179,4.701286860749925,0.3392730351886149,1.0451736455895946,0
14-bus,6,6-12,0.39266666666666666,0.4164577407953834,1.0833834353072316,2.102497789306319,4.962303281311582,0.38797502534751144,1.1816321510269514,1
14-bus,6,6-12,0.42133333333333334,0.4789126495984116,1.229298679569365,2.254743836042724,5.21704177997252,0.43911336174963256,1.324939418247448,1
14-bus,6,6-12,0.45,0.5457234010489763,1.3824637179887758,2.4063269201470647,5.4686308430589365,0.4926646557106679,1.4757620492407737,1
14-bus,6,6-13,0.02,0.0011471357822024548,0.003323060934738442,0.11432756191304641,0.3313346313042841,0.0012225914943158444,0.004713001993487972,0
14-bus,6,6-13,0.048666666666666664,0.006730320625522248,0.019502835410127206,0.27454675892112845,0.7951472915768414,0.007171827896042032,0.02713497598844539,0
14-bus,6,6-13,0.07733333333333334,0.016855071420856037,0.048766597517289845,0.43133608651900407,1.2438055823608578,0.01791743908850774,0.06648538753430155,0
14-bus,6,6-13,0.106,0.03143595236906666,0.09065015224964657,0.5855786304483731,1.6752937635869476,0.03326468014434665,0.12097630489469931,0
14-bus,6,6-13,0.13466666666666666,0.05041142225524335,0.14463725882439982,0.738056888241682,2.088012291607244,0.05299159660599788,0.18879398155525343,0
14-bus,6,6-13,0.16333333333333333,0.07374082755664575,0.21017281415486044,0.8894443139039673,2.4808613190547044,0.07685634638902872,0.26818355151090745,0
14-bus,6,6-13,0.19199999999999998,0.10140116839609034,0.2866780795244134,1.0402980100924744,2.853299218156045,0.10460558925674868,0.35753377806271136,0
14-bus,6,6-13,0.22066666666666665,0.13338367877301122,0.37356719458556187,1.1910532048042533,3.205373527002671,0.13598348199589708,0.4554515286746459,0
14-bus,6,6-13,0.24933333333333332,0.16969028329254895,0.4702641676242032,1.3420202846585956,3.5377232202431776,0.17074078509389706,0.560817882892512,0
14-bus,6,6-13,0.278,0.2103300140323582,0.5762195284013338,1.49338507900371,3.8515532371453545,0.20864358842782962,0.6728210298909593,0
14-bus,6,6-13,0.3066666666666667,0.2553154875415295,0.6909258889277976,1.6452128080798905,4.148584486902567,0.24948120638684734,0.7909648728344223,0
14-bus,6,6-13,0.33533333333333337,0.30465954801953915,0.8139317812219689,1.7974556886367896,4.430984676905669,0.2930728787255189,0.9150558858717979,0
14-bus,6,6-13,0.364,0.3583721758349234,0.9448533184161398,1.9499637239594179,4.701286860749925,0.3392730351886149,1.0451736455895946,0
14-bus,6,6-13,0.39266666666666666,0.4164577407953834,1.0833834353072316,2.102497789306319,4.962303281311582,0.38797502534751144,1.1816321510269514,1
14-bus,6,6-13,0.42133333333333334,0.4789126495984116,1.229298679569365,2.254743836042724,5.21704177997252,0.43911336174963256,1.324939418247448,1
14-bus,6,6-13,0.45,0.5457234010489763,1.3824637179887758,2.4063269201470647,5.4686308430589365,0.4926646557106679,1.4757620492407737,1
14-bus,7,7-8,0.02,0.0012084202063156635,0.0034990398850048843,0.12043385812338461,0.34888275299548743,0.0012918794597075744,0.005240332776307933,1
14-bus,7,7-8,0.048666666666666664,0.0070894173773587334,0.020536127910765756,0.2891718815994587,0.8372994012193122,0.007578128025198348,0.03016935978634869,1
14-bus,7,7-8,0.07733333333333334,0.01775218655013975,0.051352548935072684,0.4541998829285814,1.309855872372395,0.01893256020595449,0.07391500949439037,1
14-bus,7,7-8,0.106,0.03310315774200358,0.09546305899257157,0.6163933034106293,1.7644821402842417,0.03515021598010633,0.13448357641091008,1
14-bus,7,7-8,0.13466666666666666,0.05307239293865333,0.15232906612878538,0.7765237959503185,2.1995430699571625,0.05599803383645565,0.20985033587965907,1
14-bus,7,7-8,0.16333333333333333,0.07761047362610286,0.2213724342258262,0.9352498234130044,2.613927823929078,0.08122253833880036,0.298052811185565,1
14-bus,7,7-8,0.19199999999999998,0.10668513581899775,0.30199149942870807,1.0931085352042924,3.007114239292942,0.11055868195829577,0.39728456995696587,1
14-bus,7,7-8,0.22066666666666665,0.14027769835035703,0.3935785362082055,1.2505095970586713,3.379205191332145,0.1437393772973257,0.5059784498848201,1
14-bus,7,7-8,0.24933333333333332,0.17837935196807098,0.49553784349495755,1.407731786701256,3.730935367443238,0.1805052160956297,0.6228703927216332,1
14-bus,7,7-8,0.278,0.22098739933332756,0.6073036038868038,1.5649230687118516,4.063648968396141,0.22061386450550755,0.7470384910408291,1
14-bus,7,7-8,0.3066666666666667,0.26810155230254323,0.7283567195495431,1.7221045485968567,4.379251305039644,0.26384866172455995,0.877915913141284,1
14-bus,7,7-8,0.33533333333333337,0.3197203980055434,0.858239947642166,1.8791782415741456,4.680139628604331,0.31002603312436194,1.015280377328174,1
14-bus,7,7-8,0.364,0.37583813605523086,0.9965708388224401,2.035938084121387,4.969120316501542,0.3590014541961897,1.1592260940556571,1
14-bus,7,7-8,0.39266666666666666,0.4364416662004046,1.143052201018261,2.192083172687249,5.249320366709967,0.41067385272641505,1.3101260696540673,1
14-bus,7,7-8,0.42133333333333334,0.5015080719918334,1.297480037176599,2.347231921619748,5.524100863226797,0.46498849338903425,1.468593174428058,1
14-bus,7,7-8,0.45,0.5710025067024687,1.4597491082320715,2.50093573917112,5.796978717290648,0.5219385299167147,1.6354475634180872,1
14-bus,7,7-9,0.02,0.0012084202063156635,0.0034990398850048843,0.12043385812338461,0.34888275299548743,0.0012918794597075744,0.005240332776307933,0
14-bus,7,7-9,0.048666666666666664,0.0070894173773587334,0.020536127910765756,0.2891718815994587,0.8372994012193122,0.007578128025198348,0.03016935978634869,0
14-bus,7,7-9,0.07733333333333334,0.01775218655013975,0.051352548935072684,0.4541998829285814,1.309855872372395,0.01893256020595449,0.07391500949439037,0
14-bus,7,7-9,0.106,0.03310315774200358,0.09546305899257157,0.6163933034106293,1.7644821402842417,0.03515021598010633,0.13448357641091008,0
14-bus,7,7-9,0.13466666666666666,0.05307239293865333,0.15232906612878538,0.7765237959503185,2.1995430699571625,0.05599803383645565,0.20985033587965907,0
14-bus,7,7-9,0.16333333333333333,0.07761047362610286,0.2213724342258262,0.9352498234130044,2.613927823929078,0.08122253833880036,0.298052811185565,0
14-bus,7,7-9,0.19199999999999998,0.10668513581899775,0.30199149942870807,1.0931085352042924,3.007114239292942,0.11055868195829577,0.39728456995696587,0
14-bus,7,7-9,0.22066666666666665,0.14027769835035703,0.3935785362082055,1.2505095970586713,3.379205191332145,0.1437393772973257,0.5059784498848201,0
14-bus,7,7-9,0.24933333333333332,0.17837935196807098,0.49553784349495755,1.407731786701256,3.730935367443238,0.1805052160956297,0.6228703927216332,0
14-bus,7,7-9,0.278,0.22098739933332756,0.6073036038868038,1.5649230687118516,4.063648968396141,0.22061386450550755,0.7470384910408291,0
14-bus,7,7-9,0.3066666666666667,0.26810155230254323,0.7283567195495431,1.7221045485968567,4.379251305039644,0.26384866172455995,0.877915913141284,0
14-bus,7,7-9,0.33533333333333337,0.3197203980055434,0.858239947642166,1.8791782415741456,4.680139628604331,0.31002603312436194,1.015280377328174,0
14-bus,7,7-9,0.364,0.37583813605523086,0.9965708388224401,2.035938084121387,4.969120316501542,0.3590014541961897,1.1592260940556571,1
14-bus,7,7-9,0.39266666666666666,0.4364416662004046,1.143052201018261,2.192083172687249,5.249320366709967,0.41067385272641505,1.3101260696540673,1
14-bus,7,7-9,0.42133333333333334,0.5015080719918334,1.297480037176599,2.347231921619748,5.524100863226797,0.46498849338903425,1.468593174428058,1
14-bus,7,7-9,0.45,0.5710025067024687,1.4597491082320715,2.50093573917112,5.796978717290648,0.5219385299167147,1.6354475634180872,1
14-bus,9,9-10,0.02,0.0011468399812736673,0.003255681235764807,0.1142687264756396,0.32461137210615504,0.0012051201949501076,0.004540521416973705,0
14-bus,9,9-10,0.048666666666666664,0.006720631551000641,0.01910595810983462,0.2737699805354933,0.778896020778751,0.007066230082069326,0.026128003489246997,0
14-bus,9,9-10,0.07733333333333334,0.016796145508411683,0.04776776633137847,0.428369597952971,1.2180572323190484,0.0176407446997833,0.06396010796547766,0
14-bus,9,9-10,0.106,0.031235252057853984,0.08877650257399938,0.5782356416211356,1.6399935494869913,0.03271780140882368,0.11623524711655839,0
14-bus,9,9-10,0.13466666666666666,0.04990482397603574,0.14161349633048914,0.7235502254182463,2.043051373722976,0.05205310227037857,0.1811103507765336,0
14-bus,9,9-10,0.16333333333333333,0.0726772347947204,0.2057202029936418,0.8724855737557549,2.4261153648665523,0.07537716260701557,0.2567952217146329,0
14-bus,9,9-10,0.19199999999999998,0.09943102885654406,0.2805146190015897,1.0214401128493824,2.7886725202972156,0.10240475011537178,0.34164680647782164,0
14-bus,9,9-10,0.22066666666666665,0.13080063840371153,0.3654091228151277,1.1706837117346551,3.130847211518686,0.13284510087932,0.43425260130354687,0
14-bus,9,9-10,0.24933333333333332,0.16650631728252546,0.4598288871193683,1.3205293170525243,3.453405980839001,0.1664124592318036,0.5334947312583134,0
14-bus,9,9-10,0.278,0.20651846126939524,0.5632300032638615,1.4711527433364429,3.7577330062811103,0.20283647668339486,0.6385896225633045,0
14-bus,9,9-10,0.3066666666666667,0.25086028018411294,0.6751165185438559,1.6225957620671856,4.045779539799807,0.2418720297456194,0.7491021242397018,0
14-bus,9,9-10,0.33533333333333337,0.29955433845997775,0.7950557148419193,1.7747730334217244,4.319992856324761,0.28330808155657444,0.8649367594906798,0
14-bus,9,9-10,0.364,0.35261905190721327,0.92269114105477,1.927482415215619,4.5832318745438485,0.32697531261241464,0.9863118466546172,0
14-bus,9,9-10,0.39266666666666666,0.4100655178219541,1.0577531292819768,2.0804177244537505,4.838677291848996,0.3727523695562565,1.1137240587549313,1
14-bus,9,9-10,0.42133333333333334,0.47189473144011895,1.2000667464942598,2.2331827051025197,5.089743682539598,0.42057071082979447,1.2479114260429107,1
14-bus,9,9-10,0.45,0.5380952036236804,1.3495573291281857,2.3853048231278704,5.339999614602614,0.4704181457054458,1.3898219727134777,1
14-bus,9,9-14,0.02,0.0011468399812736673,0.003255681235764807,0.1142687264756396,0.32461137210615504,0.0012051201949501076,0.004540521416973705,0
14-bus,9,9-14,0.048666666666666664,0.006720631551000641,0.01910595810983462,0.2737699805354933,0.778896020778751,0.007066230082069326,0.026128003489246997,0
14-bus,9,9-14,0.07733333333333334,0.016796145508411683,0.04776776633137847,0.428369597952971,1.2180572323190484,0.0176407446997833,0.06396010796547766,0
14-bus,9,9-14,0.106,0.031235252057853984,0.08877650257399938,0.5782356416211356,1.6399935494869913,0.03271780140882368,0.11623524711655839,0
14-bus,9,9-14,0.13466666666666666,0.04990482397603574,0.14161349633048914,0.7235502254182463,2.043051373722976,0.05205310227037857,0.1811103507765336,0
14-bus,9,9-14,0.16333333333333333,0.0726772347947204,0.2057202029936418,0.8724855737557549,2.4261153648665523,0.07537716260701557,0.2567952217146329,0
14-bus,9,9-14,0.19199999999999998,0.09943102885654406,0.2805146190015897,1.0214401128493824,2.7886725202972156,0.10240475011537178,0.34164680647782164,0
14-bus,9,9-14,0.22066666666666665,0.13080063840371153,0.3654091228151277,1.1706837117346551,3.130847211518686,0.13284510087932,0.43425260130354687,0
14-bus,9,9-14,0.24933333333333332,0.16650631728252546,0.4598288871193683,1.3205293170525243,3.453405980839001,0.1664124592318036,0.5334947312583134,0
14-bus,9,9-14,0.278,0.20651846126939524,0.5632300032638615,1.4711527433364429,3.7577330062811103,0.20283647668339486,0.6385896225633045,0
14-bus,9,9-14,0.3066666666666667,0.25086028018411294,0.6751165185438559,1.6225957620671856,4.045779539799807,0.2418720297456194,0.7491021242397018,0
14-bus,9,9-14,0.33533333333333337,0.29955433845997775,0.7950557148419193,1.7747730334217244,4.319992856324761,0.28330808155657444,0.8649367594906798,0
14-bus,9,9-14,0.364,0.35261905190721327,0.92269114105477,1.927482415215619,4.5832318745438485,0.32697531261241464,0.9863118466546172,0
14-bus,9,9-14,0.39266666666666666,0.4100655178219541,1.0577531292819768,2.0804177244537505,4.838677291848996,0.3727523695562565,1.1137240587549313,1
14-bus,9,9-14,0.42133333333333334,0.47189473144011895,1.2000667464942598,2.2331827051025197,5.089743682539598,0.42057071082979447,1.2479114260429107,1
14-bus,9,9-14,0.45,0.5380952036236804,1.3495573291281857,2.3853048231278704,5.339999614602614,0.4704181457054458,1.3898219727134777,1
14-bus,10,10-11,0.02,0.0009301048716778227,0.0026517205701904745,0.09267528195206215,0.26438479557577116,0.001023652450505344,0.0029839521084036678,0
14-bus,10,10-11,0.048666666666666664,0.005450983746415741,0.015559317744124113,0.22207190844664287,0.6341963315349942,0.0059979974083583425,0.017162424844518378,0
14-bus,10,10-11,0.07733333333333334,0.013625086281241408,0.03889020776250751,0.34758179533379535,0.991240038680749,0.014959288464224453,0.041971164512844536,0
14-bus,10,10-11,0.106,0.02534364105828767,0.07224980676281789,0.4693909877215354,1.333582792204201,0.02770978982144414,0.07616504531372428,0
14-bus,10,10-11,0.13466666666666666,0.040503347941293934,0.11519374948676409,0.5876961195098085,1.6596994010742774,0.04401798572276583,0.11846111603975579,0
14-bus,10,10-11,0.16333333333333333,0.059006757866838754,0.16724073962750408,0.7027095032018043,1.9685490979287428,0.06362622749893776,0.16761468798668214,0
14-bus,10,10-11,0.19199999999999998,0.08076277831947262,0.22788722014502372,0.8146627936999721,2.2596256023067913,0.08625933846159702,0.22249373663032657,0
14-bus,10,10-11,0.22066666666666665,0.10568726246915798,0.29662307835110036,0.9238091538835169,2.532979131249672,0.11163378520350854,0.2821429237681261,0
14-bus,10,10-11,0.24933333333333332,0.13370363891805895,0.3729475788327149,1.034210482907233,2.789210455014704,0.13946700308278492,0.345830720297672,0
14-bus,10,10-11,0.278,0.1647435408103803,0.4563847477411487,1.1595230192856352,3.0294390818785164,0.16948646856918503,0.41307602306360697,0
14-bus,10,10-11,0.3066666666666667,0.19874739792564042,0.5464975205480567,1.2874168081057942,3.255249633137263,0.20143814723144068,0.48365384001614614,0
14-bus,10,10-11,0.33533333333333337,0.23566496321295655,0.6429001066162412,1.4178856963602426,3.468622121236212,0.23509401299484772,0.557582540306615,0
14-bus,10,10-11,0.364,0.2762840102442584,0.7452682043917336,1.5508171405625963,3.6718528887530932,0.2702584263376074,0.6350973730019787,0
14-bus,10,10-11,0.39266666666666666,0.3226733827208811,0.8533469005511134,1.686005276792215,3.8674732358320263,0.30677326622725315,0.7166161712313641,0
14-bus,10,10-11,0.42133333333333334,0.3729671763353209,0.9669562822836533,1.8231653670642047,4.058172248732005,0.3445218203227184,0.802703332721401,0
14-bus,10,10-11,0.45,0.42721705503339835,1.0859949630813188,1.961948446038764,4.246729167687425,0.3834315379728283,0.8940374722687817,0
14-bus,12,12-13,0.02,0.000663018968924034,0.0017449836072362945,0.06603393335517219,0.17397030848861567,0.0008172600028641127,0.001312283278536177,0
14-bus,12,12-13,0.048666666666666664,0.0038786728689137297,0.010236052534058793,0.15769692839856786,0.41707948406426215,0.004780378157777212,0.007526523611329991,0
14-bus,12,12-13,0.07733333333333334,0.00966688714918805,0.025571829500736,0.245445897751086,0.6512271928273489,0.01189954363174427,0.01832189820883747,0
14-bus,12,12-13,0.106,0.01790986891579133,0.047472567372818575,0.3289031119921711,0.874867113296518,0.021995152273666045,0.033041341799045554,0
14-bus,12,12-13,0.13466666666666666,0.028480107731233734,0.07561864500875837,0.4077700001930026,1.0867743723677712,0.03485805852301471,0.0509929739220423,0
14-bus,12,12-13,0.16333333333333333,0.041242774529610914,0.10966060072373474,0.4818357122247289,1.2860990117169873,0.05025570262013624,0.07150196944009085,0
14-bus,12,12-13,0.19199999999999998,0.05605832301295009,0.14923037768708347,0.550982646384025,1.4723968702226375,0.06793884929964862,0.0939597857980318,0
14-bus,12,12-13,0.22066666666666665,0.07278520371286674,0.19395312372458084,0.6151887592034486,1.645637442204311,0.0876486306866368,0.117865416929181,0
14-bus,12,12-13,0.24933333333333332,0.09128259716194208,0.2434588976615203,0.6843180969351098,1.8061898041452598,0.10912358124345177,0.142854848984014,0
14-bus,12,12-13,0.278,0.11141307308619916,0.2973936870924262,0.7555978857368527,1.9547891904530486,0.13210636728519146,0.16871675682762546,0
14-bus,12,12-13,0.3066666666666667,0.1330450884953996,0.355429235321166,0.8260776649108694,2.0924880735981497,0.15634994841858482,0.19539440148337242,0
14-bus,12,12-13,0.33533333333333337,0.1562736832100584,0.41727129983224365,0.895960914022455,2.220596492646825,0.18162296090105057,0.2229753717387208,0
14-bus,12,12-13,0.364,0.1829545943392498,0.4826661075160925,0.9654486667720587,2.3406167821903456,0.20771417816671134,0.2516720317730193,0
14-bus,12,12-13,0.39266666666666666,0.21162418316550533,0.5514049191843857,1.034738452225339,2.454177736904728,0.23443597524749196,0.2817961715720086,0
14-bus,12,12-13,0.42133333333333334,0.2422795553451476,0.6233267528767363,1.1040235135924505,2.562972663244475,0.2616267941336193,0.31373141176638975,0
14-bus,12,12-13,0.45,0.27492328948089995,0.6983194303955875,1.1734924110796645,2.6687048410456584,0.2891526697417763,0.3479064954792027,0
14-bus,13,13-14,0.02,0.0008234766722135078,0.0023366452353744682,0.08205770485936792,0.23296874465016443,0.0009761198343884378,0.002305181589274286,0
14-bus,13,13-14,0.048666666666666664,0.004828234774806592,0.013709983552781635,0.19681153873333407,0.5587888175420146,0.0057165226964135665,0.013253376573247487,0
14-bus,13,13-14,0.07733333333333334,0.012078845134776958,0.03426519857261756,0.30858256807087314,0.8732457836784219,0.014251431619616376,0.03238930384266012,0
14-bus,13,13-14,0.106,0.022495686789376183,0.06365062224309115,0.41777662887383926,1.1745865643586655,0.0263904114196764,0.05872088670890012,0
14-bus,13,13-14,0.13466666666666666,0.03601035988907001,0.1014695251500698,0.5247708210492308,1.461433767278168,0.04191292228180124,0.09122268169388545,0
14-bus,13,13-14,0.16333333333333333,0.05256486821075605,0.14729192091526544,0.6299139659056177,1.7328538519472378,0.060575015598205266,0.12890146064251493,0
14-bus,13,13-14,0.19199999999999998,0.07211081705544546,0.20066796763954242,0.7335272450573465,1.988400051123794,0.08211683453387408,0.17085990595589037,0
14-bus,13,13-14,0.22066666666666665,0.09460863371755814,0.26114222216883165,0.8359051594506142,2.2281289054881688,0.10627056452671987,0.21635112305982954,0
14-bus,13,13-14,0.24933333333333332,0.12002682190593963,0.3282679943481782,0.9373169657465894,2.4525909335695633,0.13276846780480803,0.2648185704830552,0
14-bus,13,13-14,0.278,0.14834126583009385,0.40162108859678436,1.0380087228255204,2.662797750989449,0.16135064855080858,0.31591847067453266,0
14-bus,13,13-14,0.3066666666666667,0.17953460264083315,0.48081231133843394,1.1382060194880912,2.8601696410314466,0.19177223405772525,0.3695243912960135,0
14-bus,13,13-14,0.33533333333333337,0.2135956827677305,0.5654982578216246,1.238117368119831,3.0464689145068977,0.22380971987617546,0.4257160543076823,0
14-bus,13,13-14,0.364,0.25051913588893915,0.6553900575477813,1.3379381558995278,3.223725180502293,0.25726630774098896,0.4847561898689702,0
14-bus,13,13-14,0.39266666666666666,0.2903050559942105,0.7502599363432458,1.437854965152252,3.394158759231675,0.29197615527687315,0.5470602018406319,0
14-bus,13,13-14,0.42133333333333334,0.33295881268831307,0.8499456254777165,1.5380500165054753,3.5601079388983417,0.32780754600959955,0.6131635346346549,0
14-bus,13,13-14,0.45,0.37849098836469,0.9543527975998451,1.6387054592789703,3.7239647213195703,0.36466506789172776,0.6836910677536968,0
14-bus,2,1-2,0.02,0.0016735851442430754,0.005427360010235249,0.1667686843036506,0.541268687637431,0.0022675189634869296,0.011670032260241934,1
14-bus,2,1-2,0.048666666666666664,0.00980876649617278,0.0318872456870084,0.3995665848948867,1.3017691809153997,0.01331031124016644,0.06742301233376587,1
14-bus,2,1-2,0.07733333333333334,0.024510585695235596,0.07989081837312961,0.6248855826786155,2.0443457545858035,0.0333145328135827,0.16608972768374378,1
14-bus,2,1-2,0.106,0.04556318652670663,0.1489273709594544,0.8426354733238159,2.7692385159889588,0.062034834205627505,0.3044026418956048,1
14-bus,2,1-2,0.13466666666666666,0.07274925643207987,0.2384953170331433,1.0528091844639524,3.4768526124990498,0.09922619242630666,0.4792843326082373,1
14-bus,2,1-2,0.16333333333333333,0.10585279688275737,0.3481076661107798,1.2555103012956965,4.16780921451379,0.14464718977644597,0.6879047511383002,1
14-bus,2,1-2,0.19199999999999998,0.1446627217296899,0.4772988612838589,1.4509830803738217,4.842988824733248,0.19806419258619223,0.9277485282112257,1
14-bus,2,1-2,0.22066666666666665,0.1889773264074884,0.6256326807717592,1.6396426515808677,5.503560985281414,0.2592563873243858,1.1966860114684827,1
14-bus,2,1-2,0.24933333333333332,0.2386095774413442,0.7927106978882503,1.8221011712918014,6.150991926669779,0.3280215154304552,1.4930387125259965,1
14-bus,2,1-2,0.278,0.29339302248122134,0.9781805222479227,1.999183807802511,6.787019865701849,0.40418197813351703,1.8156264228800931,1
14-bus,2,1-2,0.3066666666666667,0.35318792247706987,1.1817427387345483,2.171926861143081,7.413587060340084,0.48759077057565336,2.1637800634421183,1
14-bus,2,1-2,0.33533333333333337,0.4178869712655646,1.403155160622524,2.341549394844092,8.032718993790324,0.5781364693204595,2.537302123095245,1
14-bus,2,1-2,0.364,0.4874197199420632,1.6422327850019103,2.5093899118349143,8.646344856303093,0.6757462731755794,2.9363562051483214,1
14-bus,2,1-2,0.39266666666666666,0.5617546012023726,1.8988417637404702,2.676801398631576,9.25606056635065,0.7803859297456995,3.3612698961577436,1
14-bus,2,1-2,0.42133333333333334,0.6408973109579541,2.1728858890853155,2.8450021950963267,9.862846694349978,0.8920553350567333,3.812242588402047,1
14-bus,2,1-2,0.45,0.7248843270759557,2.464284659308472,3.014887474418616,10.466769385054432,1.0107787509139607,4.288964467359917,1
14-bus,5,1-5,0.02,0.0013534412417192526,0.004767642243139636,0.13488722958261512,0.47543701469845595,0.0019092350760335434,0.008957445959456963,0
14-bus,5,1-5,0.048666666666666664,0.007935525043520106,0.028000191142766195,0.3233575051632466,1.142539663344558,0.011206526940135861,0.05170392179217391,0
14-bus,5,1-5,0.07733333333333334,0.019836072762074573,0.07010181542326244,0.5059138182294696,1.7917089290267927,0.028037778415403128,0.12714258581833054,0
14-bus,5,1-5,0.106,0.036883401472550335,0.13054454810004046,0.6824191292900553,2.4220211693350326,0.052171027561304865,0.23242121638596197,0
14-bus,5,1-5,0.13466666666666666,0.05890312374751636,0.20877818736814335,0.8528257478873172,3.0328631010415883,0.08336181882165873,0.36473163887976473,0
14-bus,5,1-5,0.16333333333333333,0.0857210490357144,0.3042403987329284,1.01719903116004,3.6240148157810403,0.12135834414453789,0.521403194579818,0
14-bus,5,1-5,0.19199999999999998,0.1171667582169477,0.41636908987996435,1.1757404783788767,4.195724714929608,0.16590775841940808,0.7000067900239862,0
14-bus,5,1-5,0.22066666666666665,0.1530778146427866,0.5446167639505544,1.3288087156756843,4.748771663545678,0.21676353814527033,0.8984613997353305,1
14-bus,5,1-5,0.24933333333333332,0.19330451925964545,0.688466397553009,1.4769360175139414,5.284508078903544,0.27369366286533114,1.1151339457951135,1
14-bus,5,1-5,0.278,0.23771504019617962,0.8474481976282662,1.629433567178507,5.804876996190319,0.3364892891700957,1.3489231511347899,1
14-bus,5,1-5,0.3066666666666667,0.2862006553724369,1.021156394464777,1.7838441941340313,6.312396504787891,0.4049734729550813,1.5993185723183996,1
14-bus,5,1-5,0.33533333333333337,0.3386807480028295,1.2092650548928137,1.9369202166618416,6.810106198377711,0.479009393114038,1.8664275341393697,1
14-bus,5,1-5,0.364,0.39510709629753354,1.4115417712745408,2.0888281236055075,7.301472102802898,0.5585074508813892,2.1509646859951927,1
14-bus,5,1-5,0.39266666666666666,0.45556299424705254,1.6278580090762944,2.239645863162907,7.790248526604494,0.6434305688737806,2.454200656193082,1
14-bus,5,1-5,0.42133333333333334,0.5219146294822845,1.8581948781097954,2.3893417601286346,8.280297126952961,0.7337969906114535,2.7778670427875674,1
14-bus,5,1-5,0.45,0.59253968816204,2.102643126053003,2.5377522572215256,8.775365243338188,0.8296798801669047,3.124014346367498,1
14-bus,3,2-3,0.02,0.0010534910223772675,0.00368752457696897,0.10503216801377724,0.36769525271733955,0.001437469547225325,0.00551069863063854,0
14-bus,3,2-3,0.048666666666666664,0.006187601124378192,0.021647874873130357,0.2526548155832444,0.8829009713809202,0.00843186858840451,0.031759592590693095,0
14-bus,3,2-3,0.07733333333333334,0.015514582225901598,0.054158030698356674,0.3977158019030515,1.382508660246017,0.021068748516486047,0.07790846760867558,0
14-bus,3,2-3,0.106,0.028974160508287373,0.10074766509721789,0.5411189383978967,1.8649638800328723,0.039129841928167694,0.14196042853925805,0
14-bus,3,2-3,0.13466666666666666,0.04653070489677323,0.1609078307704781,0.6836784974990624,2.3291441777434962,0.062371653195361525,0.22191186058427675,0
14-bus,3,2-3,0.16333333333333333,0.06817054757877371,0.2341047566080473,0.8261109548306402,2.7744541825294005,0.0905335212480277,0.31585783076254365,0
14-bus,3,2-3,0.19199999999999998,0.09389903538983572,0.31979605425172075,0.9690245484830585,3.200898070111785,0.12334699964400675,0.42210000686412397,0
14-bus,3,2-3,0.22066666666666665,0.12373725931455412,0.4174486369176418,1.112907441509297,3.6091260423418063,0.16054617267180415,0.5392457458570306,0
14-bus,3,2-3,0.24933333333333332,0.1577184393334004,0.5265575665842264,1.258115749853276,4.00045230621586,0.20187846455937514,0.6662888175286539,0
14-bus,3,2-3,0.278,0.19588398132035872,0.6466649955419663,1.4048628678329282,4.376843731537466,0.24711545696100265,0.8026652769564436,0
14-bus,3,2-3,0.3066666666666667,0.23827926216692913,0.7773783768419809,1.553211365214913,4.74088061712296,0.29606322530561824,0.9482819546125639,1
14-bus,3,2-3,0.33533333333333337,0.28494923007117035,0.9183871923556566,1.7030682840170606,5.095693296333872,0.3485717463441137,1.103519261652203,1
14-bus,3,2-3,0.364,0.3359339220052847,1.0694775811664279,1.8541840425347218,5.444880047056052,0.4045430168648203,1.2692137085859376,1
14-bus,3,2-3,0.39266666666666666,0.3912639969524716,1.2305444198445163,2.006154510122008,5.7924124006089395,0.46393764372659113,1.4466279577474306,1
14-bus,3,2-3,0.42133333333333334,0.45095636327242267,1.4016005727101741,2.1584253144657075,6.142533115452619,0.5267797949195151,1.6374168573425274,1
14-bus,3,2-3,0.45,0.5150099477717573,1.5827831505311634,2.310297233031941,6.499649687794803,0.5931605106936584,1.8435965251134805,1
14-bus,4,2-4,0.02,0.0013210840204234103,0.004654715688450217,0.13166427892217633,0.46417467660988787,0.001854676920859471,0.008605667586826515,0
14-bus,4,2-4,0.048666666666666664,0.007746139394833837,0.027336655030358314,0.31565271473580725,1.1154483793641505,0.010886224560487063,0.04966926457117694,0
14-bus,4,2-4,0.07733333333333334,0.019363608279481713,0.06843911129998248,0.4938981203135948,1.7491504205667332,0.027235955601583504,0.12213264183295836,0
14-bus,4,2-4,0.106,0.03600682256794062,0.12744437351939863,0.6662710458339439,2.364349485375114,0.05067767932553436,0.2232575157111035,0
14-bus,4,2-4,0.13466666666666666,0.05750658894905973,0.2038122950546113,0.832728641941111,2.9604258685701454,0.08097270433844189,0.3503544167264242,0
14-bus,4,2-4,0.16333333333333333,0.08369400577554105,0.29699041799959724,0.99333799837349,3.537153313466874,0.11787493259866225,0.5008726264888594,0
14-bus,4,2-4,0.19199999999999998,0.11440394668015255,0.40642631697066434,1.1482991700227976,4.094771413073948,0.16113711136739856,0.6724999608630888,0
14-bus,4,2-4,0.22066666666666665,0.14947918450579384,0.5315818311144567,1.2979665227377952,4.634044055316091,0.21051810859008685,0.8632642394983662,0
14-bus,4,2-4,0.24933333333333332,0.18877507772441873,0.6719487023098236,1.4428662049014513,5.156298034328109,0.2657909934911305,1.0716275306977883,1
14-bus,4,2-4,0.278,0.23216466886452358,0.8270649596862041,1.594071800731932,5.663435455675273,0.32675160141681014,1.2965641190860129,1
14-bus,4,2-4,0.3066666666666667,0.2795439566027693,0.9965312123431476,1.74422140097253,6.157914029184408,0.39322715454191276,1.537613869913749,1
14-bus,4,2-4,0.33533333333333337,0.3308370070538187,1.180025859808186,1.8938280611971952,6.642690643719523,0.4650844123657445,1.7949042119635767,1
14-bus,4,2-4,0.364,0.38600047185269126,1.3773181231523348,2.0426731855714744,7.121125446633854,0.5422367489154751,2.069135937362518,1
14-bus,4,2-4,0.39266666666666666,0.4460426032873105,1.5882777484672859,2.1909117981115185,7.596845633077285,0.6246495022754195,2.3615297781621796,1
14-bus,4,2-4,0.42133333333333334,0.5109281630631097,1.812880238865792,2.338658987873989,8.073570025713794,0.7123429155888474,2.6737316121587718,1
14-bus,4,2-4,0.45,0.5800485587846242,2.0512065281078957,2.485902837303639,8.554897343285344,0.8053919835823206,3.0076738415204964,1
14-bus,5,2-5,0.02,0.0013534412417192526,0.004767642243139636,0.13488722958261512,0.47543701469845595,0.0019092350760335434,0.008957445959456963,0
14-bus,5,2-5,0.048666666666666664,0.007935525043520106,0.028000191142766195,0.3233575051632466,1.142539663344558,0.011206526940135861,0.05170392179217391,0
14-bus,5,2-5,0.07733333333333334,0.019836072762074573,0.07010181542326244,0.5059138182294696,1.7917089290267927,0.028037778415403128,0.12714258581833054,0
14-bus,5,2-5,0.106,0.036883401472550335,0.13054454810004046,0.6824191292900553,2.4220211693350326,0.052171027561304865,0.23242121638596197,0
14-bus,5,2-5,0.13466666666666666,0.05890312374751636,0.20877818736814335,0.8528257478873172,3.0328631010415883,0.08336181882165873,0.36473163887976473,0
14-bus,5,2-5,0.16333333333333333,0.0857210490357144,0.3042403987329284,1.01719903116004,3.6240148157810403,0.12135834414453789,0.521403194579818,0
14-bus,5,2-5,0.19199999999999998,0.1171667582169477,0.41636908987996435,1.1757404783788767,4.195724714929608,0.16590775841940808,0.7000067900239862,0
14-bus,5,2-5,0.22066666666666665,0.1530778146427866,0.5446167639505544,1.3288087156756843,4.748771663545678,0.21676353814527033,0.8984613997353305,0
14-bus,5,2-5,0.24933333333333332,0.19330451925964545,0.688466397553009,1.4769360175139414,5.284508078903544,0.27369366286533114,1.1151339457951135,1
14-bus,5,2-5,0.278,0.23771504019617962,0.8474481976282662,1.629433567178507,5.804876996190319,0.3364892891700957,1.3489231511347899,1
14-bus,5,2-5,0.3066666666666667,0.2862006553724369,1.021156394464777,1.7838441941340313,6.312396504787891,0.4049734729550813,1.5993185723183996,1
14-bus,5,2-5,0.33533333333333337,0.3386807480028295,1.2092650548928137,1.9369202166618416,6.810106198377711,0.479009393114038,1.8664275341393697,1
14-bus,5,2-5,0.364,0.39510709629753354,1.4115417712745408,2.0888281236055075,7.301472102802898,0.5585074508813892,2.1509646859951927,1
14-bus,5,2-5,0.39266666666666666,0.45556299424705254,1.6278580090762944,2.239645863162907,7.790248526604494,0.6434305688737806,2.454200656193082,1
14-bus,5,2-5,0.42133333333333334,0.5219146294822845,1.8581948781097954,2.3893417601286346,8.280297126952961,0.7337969906114535,2.7778670427875674,1
14-bus,5,2-5,0.45,0.59253968816204,2.102643126053003,2.5377522572215256,8.775365243338188,0.8296798801669047,3.124014346367498,1
14-bus,4,3-4,0.02,0.0013210840204234103,0.004654715688450217,0.13166427892217633,0.46417467660988787,0.001854676920859471,0.008605667586826515,0
14-bus,4,3-4,0.048666666666666664,0.007746139394833837,0.027336655030358314,0.31565271473580725,1.1154483793641505,0.010886224560487063,0.04966926457117694,0
14-bus,4,3-4,0.07733333333333334,0.019363608279481713,0.06843911129998248,0.4938981203135948,1.7491504205667332,0.027235955601583504,0.12213264183295836,0
14-bus,4,3-4,0.106,0.03600682256794062,0.12744437351939863,0.6662710458339439,2.364349485375114,0.05067767932553436,0.2232575157111035,0
14-bus,4,3-4,0.13466666666666666,0.05750658894905973,0.2038122950546113,0.832728641941111,2.9604258685701454,0.08097270433844189,0.3503544167264242,0
14-bus,4,3-4,0.16333333333333333,0.08369400577554105,0.29699041799959724,0.99333799837349,3.537153313466874,0.11787493259866225,0.5008726264888594,0
14-bus,4,3-4,0.19199999999999998,0.11440394668015255,0.40642631697066434,1.1482991700227976,4.094771413073948,0.16113711136739856,0.6724999608630888,0
14-bus,4,3-4,0.22066666666666665,0.14947918450579384,0.5315818311144567,1.2979665227377952,4.634044055316091,0.21051810859008685,0.8632642394983662,0
14-bus,4,3-4,0.24933333333333332,0.18877507772441873,0.6719487023098236,1.4428662049014513,5.156298034328109,0.2657909934911305,1.0716275306977883,1
14-bus,4,3-4,0.278,0.23216466886452358,0.8270649596862041,1.594071800731932,5.663435455675273,0.32675160141681014,1.2965641190860129,1
14-bus,4,3-4,0.3066666666666667,0.2795439566027693,0.9965312123431476,1.74422140097253,6.157914029184408,0.39322715454191276,1.537613869913749,1
14-bus,4,3-4,0.33533333333333337,0.3308370070538187,1.180025859808186,1.8938280611971952,6.642690643719523,0.4650844123657445,1.7949042119635767,1
14-bus,4,3-4,0.364,0.38600047185269126,1.3773181231523348,2.0426731855714744,7.121125446633854,0.5422367489154751,2.069135937362518,1
14-bus,4,3-4,0.39266666666666666,0.4460426032873105,1.5882777484672859,2.1909117981115185,7.596845633077285,0.6246495022754195,2.3615297781621796,1
14-bus,4,3-4,0.42133333333333334,0.5109281630631097,1.812880238865792,2.338658987873989,8.073570025713794,0.7123429155888474,2.6737316121587718,1
14-bus,4,3-4,0.45,0.5800485587846242,2.0512065281078957,2.485902837303639,8.554897343285344,0.8053919835823206,3.0076738415204964,1
14-bus,5,4-5,0.02,0.0013534412417192526,0.004767642243139636,0.13488722958261512,0.47543701469845595,0.0019092350760335434,0.008957445959456963,0
14-bus,5,4-5,0.048666666666666664,0.007935525043520106,0.028000191142766195,0.3233575051632466,1.142539663344558,0.011206526940135861,0.05170392179217391,0
14-bus,5,4-5,0.07733333333333334,0.019836072762074573,0.07010181542326244,0.5059138182294696,1.7917089290267927,0.028037778415403128,0.12714258581833054,0
14-bus,5,4-5,0.106,0.036883401472550335,0.13054454810004046,0.6824191292900553,2.4220211693350326,0.052171027561304865,0.23242121638596197,0
14-bus,5,4-5,0.13466666666666666,0.05890312374751636,0.20877818736814335,0.8528257478873172,3.0328631010415883,0.08336181882165873,0.36473163887976473,0
14-bus,5,4-5,0.16333333333333333,0.0857210490357144,0.3042403987329284,1.01719903116004,3.6240148157810403,0.12135834414453789,0.521403194579818,0
14-bus,5,4-5,0.19199999999999998,0.1171667582169477,0.41636908987996435,1.1757404783788767,4.195724714929608,0.16590775841940808,0.7000067900239862,0
14-bus,5,4-5,0.22066666666666665,0.1530778146427866,0.5446167639505544,1.3288087156756843,4.748771663545678,0.21676353814527033,0.8984613997353305,0
14-bus,5,4-5,0.24933333333333332,0.19330451925964545,0.688466397553009,1.4769360175139414,5.284508078903544,0.27369366286533114,1.1151339457951135,1
14-bus,5,4-5,0.278,0.23771504019617962,0.8474481976282662,1.629433567178507,5.804876996190319,0.3364892891700957,1.3489231511347899,1
14-bus,5,4-5,0.3066666666666667,0.2862006553724369,1.021156394464777,1.7838441941340313,6.312396504787891,0.4049734729550813,1.5993185723183996,1
14-bus,5,4-5,0.33533333333333337,0.3386807480028295,1.2092650548928137,1.9369202166618416,6.810106198377711,0.479009393114038,1.8664275341393697,1
14-bus,5,4-5,0.364,0.39510709629753354,1.4115417712745408,2.0888281236055075,7.301472102802898,0.5585074508813892,2.1509646859951927,1
14-bus,5,4-5,0.39266666666666666,0.45556299424705254,1.6278580090762944,2.239645863162907,7.790248526604494,0.6434305688737806,2.454200656193082,1
14-bus,5,4-5,0.42133333333333334,0.5219146294822845,1.8581948781097954,2.3893417601286346,8.280297126952961,0.7337969906114535,2.7778670427875674,1
14-bus,5,4-5,0.45,0.59253968816204,2.102643126053003,2.5377522572215256,8.775365243338188,0.8296798801669047,3.124014346367498,1
14-bus,7,4-7,0.02,0.0012084202063156635,0.0034990398850048843,0.12043385812338461,0.34888275299548743,0.0012918794597075744,0.005240332776307933,0
14-bus,7,4-7,0.048666666666666664,0.0070894173773587334,0.020536127910765756,0.2891718815994587,0.8372994012193122,0.007578128025198348,0.03016935978634869,0
14-bus,7,4-7,0.07733333333333334,0.01775218655013975,0.051352548935072684,0.4541998829285814,1.309855872372395,0.01893256020595449,0.07391500949439037,0
14-bus,7,4-7,0.106,0.03310315774200358,0.09546305899257157,0.6163933034106293,1.7644821402842417,0.03515021598010633,0.13448357641091008,0
14-bus,7,4-7,0.13466666666666666,0.05307239293865333,0.15232906612878538,0.7765237959503185,2.1995430699571625,0.05599803383645565,0.20985033587965907,0
14-bus,7,4-7,0.16333333333333333,0.07761047362610286,0.2213724342258262,0.9352498234130044,2.613927823929078,0.08122253833880036,0.298052811185565,0
14-bus,7,4-7,0.19199999999999998,0.10668513581899775,0.30199149942870807,1.0931085352042924,3.007114239292942,0.11055868195829577,0.39728456995696587,0
14-bus,7,4-7,0.22066666666666665,0.14027769835035703,0.3935785362082055,1.2505095970586713,3.379205191332145,0.1437393772973257,0.5059784498848201,0
14-bus,7,4-7,0.24933333333333332,0.17837935196807098,0.49553784349495755,1.407731786701256,3.730935367443238,0.1805052160956297,0.6228703927216332,0
14-bus,7,4-7,0.278,0.22098739933332756,0.6073036038868038,1.5649230687118516,4.063648968396141,0.22061386450550755,0.7470384910408291,0
14-bus,7,4-7,0.3066666666666667,0.26810155230254323,0.7283567195495431,1.7221045485968567,4.379251305039644,0.26384866172455995,0.877915913141284,0
14-bus,7,4-7,0.33533333333333337,0.3197203980055434,0.858239947642166,1.8791782415741456,4.680139628604331,0.31002603312436194,1.015280377328174,0
14-bus,7,4-7,0.364,0.37583813605523086,0.9965708388224401,2.035938084121387,4.969120316501542,0.3590014541961897,1.1592260940556571,1
14-bus,7,4-7,0.39266666666666666,0.4364416662004046,1.143052201018261,2.192083172687249,5.249320366709967,0.41067385272641505,1.3101260696540673,1
14-bus,7,4-7,0.42133333333333334,0.5015080719918334,1.297480037176599,2.347231921619748,5.524100863226797,0.46498849338903425,1.468593174428058,1
14-bus,7,4-7,0.45,0.5710025067024687,1.4597491082320715,2.50093573917112,5.796978717290648,0.5219385299167147,1.6354475634180872,1
14-bus,9,4-9,0.02,0.0011468399812736673,0.003255681235764807,0.1142687264756396,0.32461137210615504,0.0012051201949501076,0.004540521416973705,0
14-bus,9,4-9,0.048666666666666664,0.006720631551000641,0.01910595810983462,0.2737699805354933,0.778896020778751,0.007066230082069326,0.026128003489246997,0
14-bus,9,4-9,0.07733333333333334,0.016796145508411683,0.04776776633137847,0.428369597952971,1.2180572323190484,0.0176407446997833,0.06396010796547766,0
14-bus,9,4-9,0.106,0.031235252057853984,0.08877650257399938,0.5782356416211356,1.6399935494869913,0.03271780140882368,0.11623524711655839,0
14-bus,9,4-9,0.13466666666666666,0.04990482397603574,0.14161349633048914,0.7235502254182463,2.043051373722976,0.05205310227037857,0.1811103507765336,0
14-bus,9,4-9,0.16333333333333333,0.0726772347947204,0.2057202029936418,0.8724855737557549,2.4261153648665523,0.07537716260701557,0.2567952217146329,0
14-bus,9,4-9,0.19199999999999998,0.09943102885654406,0.2805146190015897,1.0214401128493824,2.7886725202972156,0.10240475011537178,0.34164680647782164,0
14-bus,9,4-9,0.22066666666666665,0.13080063840371153,0.3654091228151277,1.1706837117346551,3.130847211518686,0.13284510087932,0.43425260130354687,0
14-bus,9,4-9,0.24933333333333332,0.16650631728252546,0.4598288871193683,1.3205293170525243,3.453405980839001,0.1664124592318036,0.5334947312583134,0
14-bus,9,4-9,0.278,0.20651846126939524,0.5632300032638615,1.4711527433364429,3.7577330062811103,0.20283647668339486,0.6385896225633045,0
14-bus,9,4-9,0.3066666666666667,0.25086028018411294,0.6751165185438559,1.6225957620671856,4.045779539799807,0.2418720297456194,0.7491021242397018,0
14-bus,9,4-9,0.33533333333333337,0.29955433845997775,0.7950557148419193,1.7747730334217244,4.319992856324761,0.28330808155657444,0.8649367594906798,0
14-bus,9,4-9,0.364,0.35261905190721327,0.92269114105477,1.927482415215619,4.5832318745438485,0.32697531261241464,0.9863118466546172,0
14-bus,9,4-9,0.39266666666666666,0.4100655178219541,1.0577531292819768,2.0804177244537505,4.838677291848996,0.3727523695562565,1.1137240587549313,1
14-bus,9,4-9,0.42133333333333334,0.47189473144011895,1.2000667464942598,2.2331827051025197,5.089743682539598,0.42057071082979447,1.2479114260429107,1
14-bus,9,4-9,0.45,0.5380952036236804,1.3495573291281857,2.3853048231278704,5.339999614602614,0.4704181457054458,1.3898219727134777,1
14-bus,6,5-6,0.02,0.0011471357822024548,0.003323060934738442,0.11432756191304641,0.3313346313042841,0.0012225914943158444,0.004713001993487972,0
14-bus,6,5-6,0.048666666666666664,0.006730320625522248,0.019502835410127206,0.27454675892112845,0.7951472915768414,0.007171827896042032,0.02713497598844539,0
14-bus,6,5-6,0.07733333333333334,0.016855071420856037,0.048766597517289845,0.43133608651900407,1.2438055823608578,0.01791743908850774,0.06648538753430155,0
14-bus,6,5-6,0.106,0.03143595236906666,0.09065015224964657,0.5855786304483731,1.6752937635869476,0.03326468014434665,0.12097630489469931,0
14-bus,6,5-6,0.13466666666666666,0.05041142225524335,0.14463725882439982,0.738056888241682,2.088012291607244,0.05299159660599788,0.18879398155525343,0
14-bus,6,5-6,0.16333333333333333,0.07374082755664575,0.21017281415486044,0.8894443139039673,2.4808613190547044,0.07685634638902872,0.26818355151090745,0
14-bus,6,5-6,0.19199999999999998,0.10140116839609034,0.2866780795244134,1.0402980100924744,2.853299218156045,0.10460558925674868,0.35753377806271136,0
14-bus,6,5-6,0.22066666666666665,0.13338367877301122,0.37356719458556187,1.1910532048042533,3.205373527002671,0.13598348199589708,0.4554515286746459,0
14-bus,6,5-6,0.24933333333333332,0.16969028329254895,0.4702641676242032,1.3420202846585956,3.5377232202431776,0.17074078509389706,0.560817882892512,0
14-bus,6,5-6,0.278,0.2103300140323582,0.5762195284013338,1.49338507900371,3.8515532371453545,0.20864358842782962,0.6728210298909593,0
14-bus,6,5-6,0.3066666666666667,0.2553154875415295,0.6909258889277976,1.6452128080798905,4.148584486902567,0.24948120638684734,0.7909648728344223,0
14-bus,6,5-6,0.33533333333333337,0.30465954801953915,0.8139317812219689,1.7974556886367896,4.430984676905669,0.2930728787255189,0.9150558858717979,0
14-bus,6,5-6,0.364,0.3583721758349234,0.9448533184161398,1.9499637239594179,4.701286860749925,0.3392730351886149,1.0451736455895946,1
14-bus,6,5-6,0.39266666666666666,0.4164577407953834,1.0833834353072316,2.102497789306319,4.962303281311582,0.38797502534751144,1.1816321510269514,1
14-bus,6,5-6,0.42133333333333334,0.4789126495984116,1.229298679569365,2.254743836042724,5.21704177997252,0.43911336174963256,1.324939418247448,1
14-bus,6,5-6,0.45,0.5457234010489763,1.3824637179887758,2.4063269201470647,5.4686308430589365,0.4926646557106679,1.4757620492407737,1
14-bus,11,6-11,0.02,0.0008150165265946141,0.0023148598316067304,0.0812107111085423,0.23079518525235654,0.0009473465976178095,0.002262540476159931,0
14-bus,11,6-11,0.048666666666666664,0.004777446772291019,0.013581725389981925,0.19468205967482194,0.553539784610053,0.005547962317971595,0.013007094630549266,0
14-bus,11,6-11,0.07733333333333334,0.011946288492258613,0.03394264822709692,0.30496123228459954,0.8649400872305417,0.013829110185475592,0.03178178425931332,0
14-bus,11,6-11,0.106,0.02223405978695869,0.0630460535918349,0.41232759371098415,1.1632119352041845,0.025600934556750436,0.057604084915506185,0
14-bus,11,6-11,0.13466666666666666,0.035561163811633364,0.10049441506999834,0.5170523703151824,1.4469468296678525,0.04064176672458458,0.08945606592791891,0
14-bus,11,6-11,0.16333333333333333,0.05185569294533128,0.14585605221889442,0.6194011576139598,1.7151796865218942,0.058705060386068826,0.12634988061155658,0
14-bus,11,6-11,0.19199999999999998,0.0710532957879512,0.19867851402282377,0.7196358016962225,1.9674313808238437,0.0795271404838171,0.1673912301520703,0
14-bus,11,6-11,0.22066666666666665,0.09309708956666038,0.258502804960265,0.8180156942787654,2.2037249539209225,0.10283540787872383,0.21183349927035702,0
14-bus,11,6-11,0.24933333333333332,0.1179376022611002,0.32487770272681327,0.914798570660787,2.4245760331625488,0.12835662975823844,0.25911717217006647,0
14-bus,11,6-11,0.278,0.1455327319626141,0.397373457620403,1.0102409375529247,2.6309598130847096,0.15582495637460206,0.3088916167777279,0
14-bus,11,6-11,0.3066666666666667,0.17584771496422005,0.4755942558533566,1.104598280155102,2.8242586348131153,0.18498934182192348,0.36101896828530206,0
14-bus,11,6-11,0.33533333333333337,0.208855098459588,0.559188964972176,1.1981252014253854,3.0061955324416214,0.2156201081993191,0.41556222390616193,0
14-bus,11,6-11,0.364,0.24453471794835374,0.6478598460416922,1.2910756321867876,3.1787598860750026,0.24751447323843595,0.47276142739900817,0
14-bus,11,6-11,0.39266666666666666,0.28287368303122823,0.741369096392313,1.4103979794267114,3.344131426968083,0.2805009526875773,0.5330027725945549,0
14-bus,11,6-11,0.42133333333333334,0.3238663778592603,0.8395432594506944,1.5349770403017395,3.5046082999629293,0.3144426404518549,0.5967855710430678,0
14-bus,11,6-11,0.45,0.3675144838279672,0.9422756875902087,1.6623810222169784,3.6625438320736867,0.34923945222555064,0.6646914541752965,0
14-bus,12,6-12,0.02,0.000663018968924034,0.0017449836072362945,0.06603393335517219,0.17397030848861567,0.0008172600028641127,0.001312283278536177,0
14-bus,12,6-12,0.048666666666666664,0.0038786728689137297,0.010236052534058793,0.15769692839856786,0.41707948406426215,0.004780378157777212,0.007526523611329991,0
14-bus,12,6-12,0.07733333333333334,0.00966688714918805,0.025571829500736,0.245445897751086,0.6512271928273489,0.01189954363174427,0.01832189820883747,0
14-bus,12,6-12,0.106,0.01790986891579133,0.047472567372818575,0.3289031119921711,0.874867113296518,0.021995152273666045,0.033041341799045554,0
14-bus,12,6-12,0.13466666666666666,0.028480107731233734,0.07561864500875837,0.4077700001930026,1.0867743723677712,0.03485805852301471,0.0509929739220423,0
14-bus,12,6-12,0.16333333333333333,0.041242774529610914,0.10966060072373474,0.4818357122247289,1.2860990117169873,0.05025570262013624,0.07150196944009085,0
14-bus,12,6-12,0.19199999999999998,0.05605832301295009,0.14923037768708347,0.550982646384025,1.4723968702226375,0.06793884929964862,0.0939597857980318,0
14-bus,12,6-12,0.22066666666666665,0.07278520371286674,0.19395312372458084,0.6151887592034486,1.645637442204311,0.0876486306866368,0.117865416929181,0
14-bus,12,6-12,0.24933333333333332,0.09128259716194208,0.2434588976615203,0.6843180969351098,1.8061898041452598,0.10912358124345177,0.142854848984014,0
14-bus,12,6-12,0.278,0.11141307308619916,0.2973936870924262,0.7555978857368527,1.9547891904530486,0.13210636728519146,0.16871675682762546,0
14-bus,12,6-12,0.3066666666666667,0.1330450884953996,0.355429235321166,0.8260776649108694,2.0924880735981497,0.15634994841858482,0.19539440148337242,0
14-bus,12,6-12,0.33533333333333337,0.1562736832100584,0.41727129983224365,0.895960914022455,2.220596492646825,0.18162296090105057,0.2229753717387208,0
14-bus,12,6-12,0.364,0.1829545943392498,0.4826661075160925,0.9654486667720587,2.3406167821903456,0.20771417816671134,0.2516720317730193,0
14-bus,12,6-12,0.39266666666666666,0.21162418316550533,0.5514049191843857,1.034738452225339,2.454177736904728,0.23443597524749196,0.2817961715720086,0
14-bus,12,6-12,0.42133333333333334,0.2422795553451476,0.6233267528767363,1.1040235135924505,2.562972663244475,0.2616267941336193,0.31373141176638975,0
14-bus,12,6-12,0.45,0.27492328948089995,0.6983194303955875,1.1734924110796645,2.6687048410456584,0.2891526697417763,0.3479064954792027,0
14-bus,13,6-13,0.02,0.0008234766722135078,0.0023366452353744682,0.08205770485936792,0.23296874465016443,0.0009761198343884378,0.002305181589274286,0
14-bus,13,6-13,0.048666666666666664,0.004828234774806592,0.013709983552781635,0.19681153873333407,0.5587888175420146,0.0057165226964135665,0.013253376573247487,0
14-bus,13,6-13,0.07733333333333334,0.012078845134776958,0.03426519857261756,0.30858256807087314,0.8732457836784219,0.014251431619616376,0.03238930384266012,0
14-bus,13,6-13,0.106,0.022495686789376183,0.06365062224309115,0.41777662887383926,1.1745865643586655,0.0263904114196764,0.05872088670890012,0
14-bus,13,6-13,0.13466666666666666,0.03601035988907001,0.1014695251500698,0.5247708210492308,1.461433767278168,0.04191292228180124,0.09122268169388545,0
14-bus,13,6-13,0.16333333333333333,0.05256486821075605,0.14729192091526544,0.6299139659056177,1.7328538519472378,0.060575015598205266,0.12890146064251493,0
14-bus,13,6-13,0.19199999999999998,0.07211081705544546,0.20066796763954242,0.7335272450573465,1.988400051123794,0.08211683453387408,0.17085990595589037,0
14-bus,13,6-13,0.22066666666666665,0.09460863371755814,0.26114222216883165,0.8359051594506142,2.2281289054881688,0.10627056452671987,0.21635112305982954,0
14-bus,13,6-13,0.24933333333333332,0.12002682190593963,0.3282679943481782,0.9373169657465894,2.4525909335695633,0.13276846780480803,0.2648185704830552,0
14-bus,13,6-13,0.278,0.14834126583009385,0.40162108859678436,1.0380087228255204,2.662797750989449,0.16135064855080858,0.31591847067453266,0
14-bus,13,6-13,0.3066666666666667,0.17953460264083315,0.48081231133843394,1.1382060194880912,2.8601696410314466,0.19177223405772525,0.3695243912960135,0
14-bus,13,6-13,0.33533333333333337,0.2135956827677305,0.5654982578216246,1.238117368119831,3.0464689145068977,0.22380971987617546,0.4257160543076823,0
14-bus,13,6-13,0.364,0.25051913588893915,0.6553900575477813,1.3379381558995278,3.223725180502293,0.25726630774098896,0.4847561898689702,0
14-bus,13,6-13,0.39266666666666666,0.2903050559942105,0.7502599363432458,1.437854965152252,3.394158759231675,0.29197615527687315,0.5470602018406319,0
14-bus,13,6-13,0.42133333333333334,0.33295881268831307,0.8499456254777165,1.5380500165054753,3.5601079388983417,0.32780754600959955,0.6131635346346549,0
14-bus,13,6-13,0.45,0.37849098836469,0.9543527975998451,1.6387054592789703,3.7239647213195703,0.36466506789172776,0.6836910677536968,0
14-bus,8,7-8,0.02,0.0009815836320578475,0.002442775395817054,0.09780729519701911,0.24355591975559646,0.000851028663425938,0.0027152132987723816,1
14-bus,8,7-8,0.048666666666666664,0.005755690061526067,0.014334315311100299,0.23467895070445235,0.5843139927337456,0.0049920382350554324,0.015621088729983851,1
14-bus,8,7-8,0.07733333333333334,0.014406764778702017,0.03583265967526794,0.3684349129475524,0.9134860899532324,0.012468511234838938,0.03825505617882235,1
14-bus,8,7-8,0.106,0.0268572401047081,0.06658007311685188,0.49988002834306416,1.2293312427430223,0.023137589830390593,0.06958825000896782,1
14-bus,8,7-8,0.13466666666666666,0.04305130247987474,0.10617314983794812,0.6297257910724046,1.5304152166354525,0.03683362308902682,0.10858631976139381,1
14-bus,8,7-8,0.16333333333333333,0.06295210700744161,0.15417246886513924,0.7585830732377017,1.815667343211209,0.05337380016469498,0.1542527849582104,1
14-bus,8,7-8,0.19199999999999998,0.08653881610292982,0.21011358190680807,0.8869571781653326,2.084416329582647,0.0725645455177741,0.20567189299299332,1
14-bus,8,7-8,0.22066666666666665,0.11380353337711255,0.27351871096203106,1.0152455264006883,2.3364039139897628,0.09420826088637856,0.26204495278130074,1
14-bus,8,7-8,0.24933333333333332,0.1447482123425751,0.3439085224134355,1.143738252618223,2.5717767342866513,0.1181099930691164,0.3227156723244474,1
14-bus,8,7-8,0.278,0.17938162601374869,0.4208133767335065,1.2726218686785402,2.79105831367764,0.14408363019591874,0.38718207229775586,1
14-bus,8,7-8,0.3066666666666667,0.2177164852393548,0.5037835280968403,1.4019859510517598,2.9951044655586623,0.17195728258750587,0.4550947160906077,1
14-bus,8,7-8,0.33533333333333337,0.2597667890707331,0.5923978592323944,1.5318325759380553,3.1850464912955294,0.20157758370150172,0.52624292405885,1
14-bus,8,7-8,0.364,0.305545479204623,0.6862708721039696,1.6620879979385097,3.362227147427625,0.23281274445931538,0.6005320371764996,1
14-bus,8,7-8,0.39266666666666666,0.3550624533961677,0.7850577998908346,1.7926158910861272,3.5281344243178188,0.26555430014767045,0.6779555074710603,1
14-bus,8,7-8,0.42133333333333334,0.4083229715957522,0.888457845042397,1.9232313735077569,3.6843377355521163,0.299717591700805,0.7585656178045439,1
14-bus,8,7-8,0.45,0.46532646589287135,0.9962156687769961,2.0537150301664906,3.8324302746316596,0.3352411119868778,0.8424461007940361,1
14-bus,9,7-9,0.02,0.0011468399812736673,0.003255681235764807,0.1142687264756396,0.32461137210615504,0.0012051201949501076,0.004540521416973705,0
14-bus,9,7-9,0.048666666666666664,0.006720631551000641,0.01910595810983462,0.2737699805354933,0.778896020778751,0.007066230082069326,0.026128003489246997,0
14-bus,9,7-9,0.07733333333333334,0.016796145508411683,0.04776776633137847,0.428369597952971,1.2180572323190484,0.0176407446997833,0.06396010796547766,0
14-bus,9,7-9,0.106,0.031235252057853984,0.08877650257399938,0.5782356416211356,1.6399935494869913,0.03271780140882368,0.11623524711655839,0
14-bus,9,7-9,0.13466666666666666,0.04990482397603574,0.14161349633048914,0.7235502254182463,2.043051373722976,0.05205310227037857,0.1811103507765336,0
14-bus,9,7-9,0.16333333333333333,0.0726772347947204,0.2057202029936418,0.8724855737557549,2.4261153648665523,0.07537716260701557,0.2567952217146329,0
14-bus,9,7-9,0.19199999999999998,0.09943102885654406,0.2805146190015897,1.0214401128493824,2.7886725202972156,0.10240475011537178,0.34164680647782164,0
14-bus,9,7-9,0.22066666666666665,0.13080063840371153,0.3654091228151277,1.1706837117346551,3.130847211518686,0.13284510087932,0.43425260130354687,0
14-bus,9,7-9,0.24933333333333332,0.16650631728252546,0.4598288871193683,1.3205293170525243,3.453405980839001,0.1664124592318036,0.5334947312583134,0
14-bus,9,7-9,0.278,0.20651846126939524,0.5632300032638615,1.4711527433364429,3.7577330062811103,0.20283647668339486,0.6385896225633045,0
14-bus,9,7-9,0.3066666666666667,0.25086028018411294,0.6751165185438559,1.6225957620671856,4.045779539799807,0.2418720297456194,0.7491021242397018,0
14-bus,9,7-9,0.33533333333333337,0.29955433845997775,0.7950557148419193,1.7747730334217244,4.319992856324761,0.28330808155657444,0.8649367594906798,0
14-bus,9,7-9,0.364,0.35261905190721327,0.92269114105477,1.927482415215619,4.5832318745438485,0.32697531261241464,0.9863118466546172,0
14-bus,9,7-9,0.39266666666666666,0.4100655178219541,1.0577531292819768,2.0804177244537505,4.838677291848996,0.3727523695562565,1.1137240587549313,1
14-bus,9,7-9,0.42133333333333334,0.47189473144011895,1.2000667464942598,2.2331827051025197,5.089743682539598,0.42057071082979447,1.2479114260429107,1
14-bus,9,7-9,0.45,0.5380952036236804,1.3495573291281857,2.3853048231278704,5.339999614602614,0.4704181457054458,1.3898219727134777,1
14-bus,10,9-10,0.02,0.0009301048716778227,0.0026517205701904745,0.09267528195206215,0.26438479557577116,0.001023652450505344,0.0029839521084036678,0
14-bus,10,9-10,0.048666666666666664,0.005450983746415741,0.015559317744124113,0.22207190844664287,0.6341963315349942,0.0059979974083583425,0.017162424844518378,0
14-bus,10,9-10,0.07733333333333334,0.013625086281241408,0.03889020776250751,0.34758179533379535,0.991240038680749,0.014959288464224453,0.041971164512844536,0
14-bus,10,9-10,0.106,0.02534364105828767,0.07224980676281789,0.4693909877215354,1.333582792204201,0.02770978982144414,0.07616504531372428,0
14-bus,10,9-10,0.13466666666666666,0.040503347941293934,0.11519374948676409,0.5876961195098085,1.6596994010742774,0.04401798572276583,0.11846111603975579,0
14-bus,10,9-10,0.16333333333333333,0.059006757866838754,0.16724073962750408,0.7027095032018043,1.9685490979287428,0.06362622749893776,0.16761468798668214,0
14-bus,10,9-10,0.19199999999999998,0.08076277831947262,0.22788722014502372,0.8146627936999721,2.2596256023067913,0.08625933846159702,0.22249373663032657,0
14-bus,10,9-10,0.22066666666666665,0.10568726246915798,0.29662307835110036,0.9238091538835169,2.532979131249672,0.11163378520350854,0.2821429237681261,0
14-bus,10,9-10,0.24933333333333332,0.13370363891805895,0.3729475788327149,1.034210482907233,2.789210455014704,0.13946700308278492,0.345830720297672,0
14-bus,10,9-10,0.278,0.1647435408103803,0.4563847477411487,1.1595230192856352,3.0294390818785164,0.16948646856918503,0.41307602306360697,0
14-bus,10,9-10,0.3066666666666667,0.19874739792564042,0.5464975205480567,1.2874168081057942,3.255249633137263,0.20143814723144068,0.48365384001614614,0
14-bus,10,9-10,0.33533333333333337,0.23566496321295655,0.6429001066162412,1.4178856963602426,3.468622121236212,0.23509401299484772,0.557582540306615,0
14-bus,10,9-10,0.364,0.2762840102442584,0.7452682043917336,1.5508171405625963,3.6718528887530932,0.2702584263376074,0.6350973730019787,0
14-bus,10,9-10,0.39266666666666666,0.3226733827208811,0.8533469005511134,1.686005276792215,3.8674732358320263,0.30677326622725315,0.7166161712313641,0
14-bus,10,9-10,0.42133333333333334,0.3729671763353209,0.9669562822836533,1.8231653670642047,4.058172248732005,0.3445218203227184,0.802703332721401,0
14-bus,10,9-10,0.45,0.42721705503339835,1.0859949630813188,1.961948446038764,4.246729167687425,0.3834315379728283,0.8940374722687817,0
14-bus,14,9-14,0.02,0.0006549107722289809,0.001882188474922608,0.06523638153131231,0.18765048684330699,0.0007840141425973829,0.0014903011725114752,0
14-bus,14,9-14,0.048666666666666664,0.0038328208339585695,0.011041235407069694,0.15588458983184533,0.44990403357738873,0.004588890823595566,0.008560087560850839,0
14-bus,14,9-14,0.07733333333333334,0.009556088515184654,0.027584817937234662,0.24274620788131104,0.7025518664803785,0.011428034700408107,0.02088222181224456,0
14-bus,14,9-14,0.106,0.017710219382651157,0.051213200870156905,0.3268949431542011,0.9439423581551649,0.021129104712540096,0.037761830112332875,0
14-bus,14,9-14,0.13466666666666666,0.02820919019523978,0.08158382517328022,0.40920055152135937,1.1727504016190273,0.0334881229888224,0.05847076538095086,0
14-bus,14,9-14,0.16333333333333333,0.041091143943652944,0.11832151003048397,0.4891628149210548,1.3880325120075472,0.048275960584587815,0.08229897745709085,0
14-bus,14,9-14,0.19199999999999998,0.05623368010571848,0.161029914239473,0.5669442766670076,1.5892593483575468,0.06524547926273916,0.10860347948974894,0
14-bus,14,9-14,0.22066666666666665,0.0735768372523383,0.20930359706123958,0.6427262432563674,1.7763250516110076,0.08413899581982372,0.1368492723689892,0
14-bus,14,9-14,0.24933333333333332,0.09306610585246704,0.2627400239603136,0.7167074284710961,1.9495343472861673,0.10469572996937201,0.16663818685684623,0
14-bus,14,9-14,0.278,0.11465289174242588,0.320950911818913,0.7891012793245646,2.109569886601585,0.1266589125968738,0.19772359388388433,0
14-bus,14,9-14,0.3066666666666667,0.1382948878960491,0.3835723986589261,0.860132313933723,2.257443624264418,0.1497822691328414,0.23001098633105002,0
14-bus,14,9-14,0.33533333333333337,0.16395633174976815,0.45027364661491265,0.9473132296833995,2.3944369774103405,0.17383565042618462,0.2635462264411012,0
14-bus,14,9-14,0.364,0.19160813722288883,0.5207636306117835,1.0475334112316694,2.5220349622492773,0.19860965521577104,0.29849453314539426,0
14-bus,14,9-14,0.39266666666666666,0.22122790254899932,0.5947960142420174,1.1511853431447028,2.6418594256434926,0.22391916684975155,0.3351139264253741,0
14-bus,14,9-14,0.42133333333333334,0.2527998058710952,0.6721721539913668,1.2580353339497474,2.7556059232880457,0.24960580422009035,0.3737268593015345,0
14-bus,14,9-14,0.45,0.2863144092501247,0.7527423908456745,1.3678006516954135,2.86498787075471,0.27553935558031956,0.41469327432512343,0
14-bus,11,10-11,0.02,0.0008150165265946141,0.0023148598316067304,0.0812107111085423,0.23079518525235654,0.0009473465976178095,0.002262540476159931,0
14-bus,11,10-11,0.048666666666666664,0.004777446772291019,0.013581725389981925,0.19468205967482194,0.553539784610053,0.005547962317971595,0.013007094630549266,0
14-bus,11,10-11,0.07733333333333334,0.011946288492258613,0.03394264822709692,0.30496123228459954,0.8649400872305417,0.013829110185475592,0.03178178425931332,0
14-bus,11,10-11,0.106,0.02223405978695869,0.0630460535918349,0.41232759371098415,1.1632119352041845,0.025600934556750436,0.057604084915506185,0
14-bus,11,10-11,0.13466666666666666,0.035561163811633364,0.10049441506999834,0.5170523703151824,1.4469468296678525,0.04064176672458458,0.08945606592791891,0
14-bus,11,10-11,0.16333333333333333,0.05185569294533128,0.14585605221889442,0.6194011576139598,1.7151796865218942,0.058705060386068826,0.12634988061155658,0
14-bus,11,10-11,0.19199999999999998,0.0710532957879512,0.19867851402282377,0.7196358016962225,1.9674313808238437,0.0795271404838171,0.1673912301520703,0
14-bus,11,10-11,0.22066666666666665,0.09309708956666038,0.258502804960265,0.8180156942787654,2.2037249539209225,0.10283540787872383,0.21183349927035702,0
14-bus,11,10-11,0.24933333333333332,0.1179376022611002,0.32487770272681327,0.914798570660787,2.4245760331625488,0.12835662975823844,0.25911717217006647,0
14-bus,11,10-11,0.278,0.1455327319626141,0.397373457620403,1.0102409375529247,2.6309598130847096,0.15582495637460206,0.3088916167777279,0
14-bus,11,10-11,0.3066666666666667,0.17584771496422005,0.4755942558533566,1.104598280155102,2.8242586348131153,0.18498934182192348,0.36101896828530206,0
14-bus,11,10-11,0.33533333333333337,0.208855098459588,0.559188964972176,1.1981252014253854,3.0061955324416214,0.2156201081993191,0.41556222390616193,0
14-bus,11,10-11,0.364,0.24453471794835374,0.6478598460416922,1.2910756321867876,3.1787598860750026,0.24751447323843595,0.47276142739900817,0
14-bus,11,10-11,0.39266666666666666,0.28287368303122823,0.741369096392313,1.4103979794267114,3.344131426968083,0.2805009526875773,0.5330027725945549,0
14-bus,11,10-11,0.42133333333333334,0.3238663778592603,0.8395432594506944,1.5349770403017395,3.5046082999629293,0.3144426404518549,0.5967855710430678,0
14-bus,11,10-11,0.45,0.3675144838279672,0.9422756875902087,1.6623810222169784,3.6625438320736867,0.34923945222555064,0.6646914541752965,0
14-bus,13,12-13,0.02,0.0008234766722135078,0.0023366452353744682,0.08205770485936792,0.23296874465016443,0.0009761198343884378,0.002305181589274286,0
14-bus,13,12-13,0.048666666666666664,0.004828234774806592,0.013709983552781635,0.19681153873333407,0.5587888175420146,0.0057165226964135665,0.013253376573247487,0
14-bus,13,12-13,0.07733333333333334,0.012078845134776958,0.03426519857261756,0.30858256807087314,0.8732457836784219,0.014251431619616376,0.03238930384266012,0
14-bus,13,12-13,0.106,0.022495686789376183,0.06365062224309115,0.41777662887383926,1.1745865643586655,0.0263904114196764,0.05872088670890012,0
14-bus,13,12-13,0.13466666666666666,0.03601035988907001,0.1014695251500698,0.5247708210492308,1.461433767278168,0.04191292228180124,0.09122268169388545,0
14-bus,13,12-13,0.16333333333333333,0.05256486821075605,0.14729192091526544,0.6299139659056177,1.7328538519472378,0.060575015598205266,0.12890146064251493,0
14-bus,13,12-13,0.19199999999999998,0.07211081705544546,0.20066796763954242,0.7335272450573465,1.988400051123794,0.08211683453387408,0.17085990595589037,0
14-bus,13,12-13,0.22066666666666665,0.09460863371755814,0.26114222216883165,0.8359051594506142,2.2281289054881688,0.10627056452671987,0.21635112305982954,0
14-bus,13,12-13,0.24933333333333332,0.12002682190593963,0.3282679943481782,0.9373169657465894,2.4525909335695633,0.13276846780480803,0.2648185704830552,0
14-bus,13,12-13,0.278,0.14834126583009385,0.40162108859678436,1.0380087228255204,2.662797750989449,0.16135064855080858,0.31591847067453266,0
14-bus,13,12-13,0.3066666666666667,0.17953460264083315,0.48081231133843394,1.1382060194880912,2.8601696410314466,0.19177223405772525,0.3695243912960135,0
14-bus,13,12-13,0.33533333333333337,0.2135956827677305,0.5654982578216246,1.238117368119831,3.0464689145068977,0.22380971987617546,0.4257160543076823,0
14-bus,13,12-13,0.364,0.25051913588893915,0.6553900575477813,1.3379381558995278,3.223725180502293,0.25726630774098896,0.4847561898689702,0
14-bus,13,12-13,0.39266666666666666,0.2903050559942105,0.7502599363432458,1.437854965152252,3.394158759231675,0.29197615527687315,0.5470602018406319,0
14-bus,13,12-13,0.42133333333333334,0.33295881268831307,0.8499456254777165,1.5380500165054753,3.5601079388983417,0.32780754600959955,0.6131635346346549,0
14-bus,13,12-13,0.45,0.37849098836469,0.9543527975998451,1.6387054592789703,3.7239647213195703,0.36466506789172776,0.6836910677536968,0
14-bus,14,13-14,0.02,0.0006549107722289809,0.001882188474922608,0.06523638153131231,0.18765048684330699,0.0007840141425973829,0.0014903011725114752,0
14-bus,14,13-14,0.048666666666666664,0.0038328208339585695,0.011041235407069694,0.15588458983184533,0.44990403357738873,0.004588890823595566,0.008560087560850839,0
14-bus,14,13-14,0.07733333333333334,0.009556088515184654,0.027584817937234662,0.24274620788131104,0.7025518664803785,0.011428034700408107,0.02088222181224456,0
14-bus,14,13-14,0.106,0.017710219382651157,0.051213200870156905,0.3268949431542011,0.9439423581551649,0.021129104712540096,0.037761830112332875,0
14-bus,14,13-14,0.13466666666666666,0.02820919019523978,0.08158382517328022,0.40920055152135937,1.1727504016190273,0.0334881229888224,0.05847076538095086,0
14-bus,14,13-14,0.16333333333333333,0.041091143943652944,0.11832151003048397,0.4891628149210548,1.3880325120075472,0.048275960584587815,0.08229897745709085,0
14-bus,14,13-14,0.19199999999999998,0.05623368010571848,0.161029914239473,0.5669442766670076,1.5892593483575468,0.06524547926273916,0.10860347948974894,0
14-bus,14,13-14,0.22066666666666665,0.0735768372523383,0.20930359706123958,0.6427262432563674,1.7763250516110076,0.08413899581982372,0.1368492723689892,0
14-bus,14,13-14,0.24933333333333332,0.09306610585246704,0.2627400239603136,0.7167074284710961,1.9495343472861673,0.10469572996937201,0.16663818685684623,0
14-bus,14,13-14,0.278,0.11465289174242588,0.320950911818913,0.7891012793245646,2.109569886601585,0.1266589125968738,0.19772359388388433,0
14-bus,14,13-14,0.3066666666666667,0.1382948878960491,0.3835723986589261,0.860132313933723,2.257443624264418,0.1497822691328414,0.23001098633105002,0
14-bus,14,13-14,0.33533333333333337,0.16395633174976815,0.45027364661491265,0.9473132296833995,2.3944369774103405,0.17383565042618462,0.2635462264411012,0
14-bus,14,13-14,0.364,0.19160813722288883,0.5207636306117835,1.0475334112316694,2.5220349622492773,0.19860965521577104,0.29849453314539426,0
14-bus,14,13-14,0.39266666666666666,0.22122790254899932,0.5947960142420174,1.1511853431447028,2.6418594256434926,0.22391916684975155,0.3351139264253741,0
14-bus,14,13-14,0.42133333333333334,0.2527998058710952,0.6721721539913668,1.2580353339497474,2.7556059232880457,0.24960580422009035,0.3737268593015345,0
14-bus,14,13-14,0.45,0.2863144092501247,0.7527423908456745,1.3678006516954135,2.86498787075471,0.27553935558031956,0.41469327432512343,0
